{
    "borough.bronx": "Bronx",
    "borough.brooklyn": "Brooklyn",
    "borough.manhattan": "Manhattan",
    "borough.queens": "Reines",
    "borough.staten_island": "Staten Island",
    "button.back": "Dos",
    "food_bank": "Banque alimentaire",
    "googlemap.header": "Lieux à proximité",
    "homeless_shelter": "Refuges pour sans-abri",
    "infoWindow.address": "Adresse",
    "infoWindow.name": "Nom",
    "infoWindow.noDetails": "Aucun détail disponible",
    "infoWindow.openingHours": "Horaires d'ouvertures",
    "infoWindow.phone": "Téléphone",
    "infoWindow.rating": "Notation",
    "infoWindow.website": "Site web",
    "job_agency": "Agences d'emploi",
    "landing.city": "Choisissez votre emplacement",
    "landing.language": "Choisissez votre langue"
}