{
    "all.back": "Retour",
    "all.click_on_the_marker_to_view_place_details": "Cliquez sur le marqueur pour voir les détails du lieu",
    "all.load_more": "CHARGER PLUS",
    "bank.banking_services": "Services Bancaires",
    "borough.bronx": "Bronx",
    "borough.brooklyn": "Brooklyn",
    "borough.manhattan": "Manhattan",
    "borough.queens": "Reines",
    "borough.staten_island": "Staten Island",
    "button.back": "Dos",
    "copyright": "droits d'auteur",
    "directions.Take_the_ramp_to": "Prenez la rampe pour",
    "directions.continue_on": "continuez",
    "directions.continue_onto": "Continuez sur",
    "directions.continue_straight": "continuez tout droit",
    "directions.continue_straight_onto": "continuez tout droit sur",
    "directions.destination_will_be_on_the_left": "La destination sera sur la gauche",
    "directions.destination_will_be_on_the_right": "La destination sera sur la droite",
    "directions.drive_to": "Conduisez à",
    "directions.exit": "sortie",
    "directions.follow": "suivre",
    "directions.follow_signs": "suivez les panneaux",
    "directions.head_east": "Dirigez-vous vers l'est",
    "directions.head_east_on": "Dirigez-vous vers l'est sur",
    "directions.head_north": "Dirigez-vous vers le nord",
    "directions.head_north_on": "Dirigez-vous vers le nord sur",
    "directions.head_north_toward": "Dirigez-vous vers le nord",
    "directions.head_south": "Dirigez-vous vers le sud",
    "directions.head_south_on": "Dirigez-vous vers le sud sur",
    "directions.head_west": "Dirigez-vous vers l'ouest",
    "directions.head_west_on": "Dirigez-vous vers l'ouest sur",
    "directions.keep_left": "Gardez la gauche",
    "directions.keep_left_to_continue_on": "Restez à gauche pour continuer",
    "directions.keep_left_to_stay": "Gardez la gauche pour rester",
    "directions.keep_right": "Gardez la droite",
    "directions.keep_right_to_continue_on": "Restez à droite pour continuer",
    "directions.keep_right_to_stay": "Gardez la droite pour rester",
    "directions.lanes_to_merge_onto": "voies pour se rabattre",
    "directions.merge_onto": "Fusionnez avec",
    "directions.slight_left_onto": "Légèrement à gauche sur",
    "directions.slight_right_onto": "Légèrement à droite sur",
    "directions.take_exit": "prenez la sortie",
    "directions.to_stay_on": "Pour rester sur",
    "directions.toward": "vers",
    "directions.towards": "vers",
    "directions.turn_left_at_the": "Tournez à gauche à",
    "directions.turn_left_onto": "Tournez à gauche sur",
    "directions.turn_left_to_merge": "Tournez à gauche pour fusionner",
    "directions.turn_left_to_merge_onto": "Tournez à gauche pour vous insérer sur",
    "directions.turn_left_towards": "Tournez à gauche vers",
    "directions.turn_right_at_the": "Tournez à droite à",
    "directions.turn_right_onto": "Tournez à droite sur",
    "directions.turn_right_to_merge": "Tournez à droite pour fusionner",
    "directions.turn_right_to_merge_onto": "Tournez à droite pour vous insérer sur",
    "directions.turn_right_toward": "Tournez à droite vers",
    "directions.turn_right_towards": "Tournez à droite vers",
    "directions.turns_slightly_left_and_becomes": "tourne légèrement à gauche et devient",
    "directions.turns_slightly_right_and_becomes": "tourne légèrement à droite et devient",
    "directions.use_any_lane_to_take": "Utilisez n'importe quelle voie pour prendre",
    "directions.use_the_right": "Utilisez le droit",
    "education.education_services": "Services Éducatifs",
    "faith.religous_services": "Services Religieux",
    "favorite.add": "Ajouter",
    "favorite.add_document": "Ajouter un document",
    "favorite.available_documents": "Documents Disponibles",
    "favorite.category": "Catégorie",
    "favorite.delete": "Supprimer",
    "favorite.dmv": "DMV",
    "favorite.document": "Document",
    "favorite.favorite": "Préféré",
    "favorite.log_out": "Se déconnecter",
    "favorite.my_saved_documents": "Mes documents enregistrés",
    "favorite.name": "Nom",
    "favorite.number": "Nombre",
    "favorite.print_\/_download": "Imprimer \/ Télécharger",
    "favorite.welcome": "Bienvenue",
    "food.food_banks": "Banques alimentaires",
    "food_bank": "Banque alimentaire",
    "footer.banking_services": "Services Bancaires",
    "footer.dmv_services": "Services DMV",
    "footer.education": "Éducation",
    "footer.faith_based_services": "Services Basés sur la Foi",
    "footer.food_banks": "Banques alimentaires",
    "footer.government_services": "Services gouvernementaux",
    "footer.healthcare": "Santé",
    "footer.housing": "Logement",
    "footer.jobs": "Emplois",
    "footer.more_categories": "Plus de Catégories",
    "googlemap.header": "Lieux à proximité",
    "government.government_services": "Services gouvernementaux",
    "health.healthcare": "Santé",
    "home.banking": "Services bancaires",
    "home.category": "Choisissez votre catégorie",
    "home.dmv": "Services DMV",
    "home.education": "Éducation",
    "home.faith": "Services confessionnels",
    "home.food_banks": "Banques alimentaires",
    "home.government_services": "Services gouvernementaux",
    "home.healthcare": "Soins de santé",
    "home.housing": "Logement",
    "home.jobs": "Emplois",
    "homeless_shelter": "Refuges pour sans-abri",
    "housing.homeless_shelter": "Abri pour sans-abri",
    "infoWindow.address": "Adresse",
    "infoWindow.name": "Nom",
    "infoWindow.noDetails": "Aucun détail disponible",
    "infoWindow.openingHours": "Horaires d'ouvertures",
    "infoWindow.phone": "Téléphone",
    "infoWindow.rating": "Notation",
    "infoWindow.website": "Site web",
    "infowindow.currently": "Actuellement",
    "job_agency": "Agences d'emploi",
    "jobs.job_agencies": "Agences d'emploi",
    "landing.city": "Emplacement",
    "landing.language": "Langue",
    "language.arabic": "Arabe",
    "language.chinese": "Chinois",
    "language.english": "Français",
    "language.french": "Français",
    "language.hindi": "Hindi",
    "language.korean": "Coréen",
    "language.russian": "Russe",
    "language.spanish": "Espagnol",
    "loginpage.account": "N'avez-vous pas de compte?",
    "loginpage.email": "Courriel",
    "loginpage.enter_login_password": "Veuillez entrer votre identifiant et votre mot de passe !",
    "loginpage.forgot_password": "Mot de passe oublié ?",
    "loginpage.password": "Mot de passe",
    "loginpage.remember_password": "Se souvenir du mot de passe",
    "map.bicycling": "Faire du vélo",
    "map.bus": "Bus",
    "map.driving": "Conduite",
    "map.hide_details": "Masquer les détails",
    "map.rail": "Rail",
    "map.subway": "Métro",
    "map.train": "Train",
    "map.tram": "Tram",
    "map.transit": "Transit",
    "map.transit_mode": "Mode de transit :",
    "map.travel_mode": "Mode de voyage :",
    "map.walking": "Marcher",
    "mission_statement": "Créer une transition fluide pour les immigrants afin qu’ils puissent accéder à l’information dont ils ont besoin. Lorsque les immigrants arrivent, ils ne connaissent pas les ressources dont ils peuvent avoir besoin. Fournir des informations légales et précises aux immigrants qui immigrent aux États-Unis. Les informations sont accessibles dans une seule application et permettent également aux utilisateurs de choisir leur langue.",
    "mydoc.back_to_documents": "Retour aux documents",
    "mydoc.saved_documents": "Documents Enregistrés",
    "navbar.home": "Accueil",
    "navbar.login": "Connexion",
    "navbar.signup": "Inscription",
    "resources.available_resources": "Ressources disponibles",
    "signup.account": "Avez-vous un compte ?",
    "signup.first_name": "Prénom",
    "signup.last_name": "Nom de famille"
}