{
    "borough.bronx": "Bronx",
    "borough.brooklyn": "Brooklyn",
    "borough.manhattan": "Manhattan",
    "borough.queens": "Reines",
    "borough.staten_island": "Staten Island",
    "button.back": "Dos",
    "copyright": "droits d'auteur",
    "food_bank": "Banque alimentaire",
    "footer.banking_services": "Services Bancaires",
    "footer.dmv_services": "Services DMV",
    "footer.education": "Éducation",
    "footer.faith_based_services": "Services Basés sur la Foi",
    "footer.food_banks": "Banques alimentaires",
    "footer.government_services": "Services gouvernementaux",
    "footer.healthcare": "Santé",
    "footer.housing": "Logement",
    "footer.jobs": "Emplois",
    "footer.more_categories": "Plus de Catégories",
    "googlemap.header": "Lieux à proximité",
    "home.banking": "Services bancaires",
    "home.category": "Choisissez votre catégorie",
    "home.dmv": "Services DMV",
    "home.education": "Éducation",
    "home.faith": "Services confessionnels",
    "home.food_banks": "Banques alimentaires",
    "home.government_services": "Services gouvernementaux",
    "home.healthcare": "Soins de santé",
    "home.housing": "Logement",
    "home.jobs": "Emplois",
    "homeless_shelter": "Refuges pour sans-abri",
    "infoWindow.address": "Adresse",
    "infoWindow.name": "Nom",
    "infoWindow.noDetails": "Aucun détail disponible",
    "infoWindow.openingHours": "Horaires d'ouvertures",
    "infoWindow.phone": "Téléphone",
    "infoWindow.rating": "Notation",
    "infoWindow.website": "Site web",
    "job_agency": "Agences d'emploi",
    "landing.city": "Choisissez votre emplacement",
    "landing.language": "Choisissez votre langue",
    "loginpage.account": "N'avez-vous pas de compte?",
    "loginpage.email": "Courriel",
    "loginpage.enter_login_password": "Veuillez entrer votre identifiant et votre mot de passe !",
    "loginpage.forgot_password": "Mot de passe oublié ?",
    "loginpage.password": "Mot de passe",
    "loginpage.remember_password": "Se souvenir du mot de passe",
    "mission_statement": "Créer une transition fluide pour les immigrants afin qu’ils puissent accéder à l’information dont ils ont besoin. Lorsque les immigrants arrivent, ils ne connaissent pas les ressources dont ils peuvent avoir besoin. Fournir des informations légales et précises aux immigrants qui immigrent aux États-Unis. Les informations sont accessibles dans une seule application et permettent également aux utilisateurs de choisir leur langue.",
    "navbar.home": "Accueil",
    "navbar.login": "Connexion",
    "navbar.signup": "Inscription",
    "signup.account": "Avez-vous un compte ?",
    "signup.first_name": "Prénom",
    "signup.last_name": "Nom de famille"
}