{
    "all.back": "返回",
    "all.click_on_the_marker_to_view_place_details": "点击标记查看地点详情",
    "all.load_more": "加载更多",
    "bank.banking_services": "银行服务",
    "borough.bronx": "布朗克斯",
    "borough.brooklyn": "布鲁克林",
    "borough.manhattan": "曼哈顿",
    "borough.queens": "皇后区",
    "borough.staten_island": "斯塔滕岛",
    "button.back": "后退",
    "copyright": "版权",
    "education.education_services": "教育服务",
    "faith.religous_services": "宗教服务",
    "favorite.add": "添加",
    "favorite.add_document": "添加文档",
    "favorite.available_documents": "可用文档",
    "favorite.category": "类别",
    "favorite.delete": "删除",
    "favorite.dmv": "机动车管理局",
    "favorite.document": "文件",
    "favorite.favorite": "最爱",
    "favorite.log_out": "登出",
    "favorite.my_saved_documents": "我保存的文档",
    "favorite.name": "名称",
    "favorite.number": "数字",
    "favorite.print_\/_download": "打印 \/ 下载",
    "favorite.welcome": "欢迎",
    "food.food_banks": "食品银行",
    "food_bank": "食物银行",
    "footer.banking_services": "银行服务",
    "footer.dmv_services": "DMV服务",
    "footer.education": "教育",
    "footer.faith_based_services": "基于信仰的服务",
    "footer.food_banks": "食品银行",
    "footer.government_services": "政府服务",
    "footer.healthcare": "医疗保健",
    "footer.housing": "住房",
    "footer.jobs": "工作",
    "footer.more_categories": "更多类别",
    "googlemap.header": "附近地点",
    "government.government_services": "政府服务",
    "health.healthcare": "医疗保健",
    "home.banking": "银行服务",
    "home.category": "选择您的位置",
    "home.dmv": "车管所服务",
    "home.education": "教育",
    "home.faith": "基于信仰的服务",
    "home.food_banks": "食品银行",
    "home.government_services": "政府服务",
    "home.healthcare": "卫生保健",
    "home.housing": "住房",
    "home.jobs": "工作",
    "homeless_shelter": "无家可归者收容所",
    "housing.homeless_shelter": "无家可归者收容所",
    "infoWindow.address": "地址",
    "infoWindow.name": "姓名",
    "infoWindow.noDetails": "无可用详细信息",
    "infoWindow.openingHours": "营业时间",
    "infoWindow.phone": "电话",
    "infoWindow.rating": "评分",
    "infoWindow.website": "网站",
    "infowindow.currently": "当前",
    "job_agency": "就业机构",
    "jobs.job_agencies": "招聘机构",
    "landing.city": "地点",
    "landing.language": "语言",
    "language.arabic": "阿拉伯语",
    "language.chinese": "中文",
    "language.english": "英语",
    "language.french": "法语",
    "language.hindi": "印地语",
    "language.korean": "韩国的",
    "language.russian": "俄罗斯",
    "language.spanish": "西班牙语",
    "loginpage.account": "没有账户？",
    "loginpage.email": "电子邮件",
    "loginpage.enter_login_password": "请输入您的登录名和密码！",
    "loginpage.forgot_password": "忘记密码？",
    "loginpage.password": "密码",
    "loginpage.remember_password": "记住密码",
    "map.bicycling": "骑自行车",
    "map.bus": "公交车",
    "map.driving": "驾驶",
    "map.hide_details": "隐藏详情",
    "map.rail": "铁路",
    "map.subway": "地铁",
    "map.train": "火车",
    "map.tram": "电车",
    "map.transit": "过境",
    "map.transit_mode": "交通方式：",
    "map.travel_mode": "旅行模式：",
    "map.walking": "行走",
    "mission_statement": "为移民创造无缝过渡，以便他们能够获取所需的信息。当移民到达时，他们不知道自己可能需要什么资源。为移民美国的移民提供合法、准确的信息 该信息可在一个应用程序中访问，并且用户还可以选择自己的语言。",
    "mydoc.back_to_documents": "返回文档",
    "mydoc.saved_documents": "已保存的文档",
    "navbar.home": "首页",
    "navbar.login": "登录",
    "navbar.signup": "注册",
    "resources.available_resources": "可用资源",
    "signup.account": "有账户吗？",
    "signup.first_name": "名字",
    "signup.last_name": "姓氏"
}