{
    "all.back": "Назад",
    "all.click_on_the_marker_to_view_place_details": "Нажмите на маркер, чтобы просмотреть детали места",
    "all.load_more": "ЗАГРУЗИТЬ ЕЩЁ",
    "bank.banking_services": "Банковские услуги",
    "borough.bronx": "Бронкс",
    "borough.brooklyn": "Бруклин",
    "borough.manhattan": "Манхэттен",
    "borough.queens": "Квинс",
    "borough.staten_island": "Статен-Айленд",
    "button.back": "Назад",
    "card.bank": "Банки, расположенные близко к пользователю, будут перечислены вместе с информацией об этом месте. Пользователь также сможет выбрать тип транспорта до указанного места и просмотреть маршрут до него",
    "card.banking": "Банковское дело",
    "card.dmv": "Будет представлен список ближайших к пользователю отделений DMV, включая информацию об этих местах. Пользователь сможет выбрать тип транспорта до указанного места и также сможет просмотреть маршрут до этого места.",
    "card.dmvservice": "ДМВ",
    "card.edu": "Образование",
    "card.education": "Школы, расположенные рядом с пользователем, будут перечислены вместе с информацией об этом месте. Пользователь также сможет выбрать тип транспорта до указанного места и просмотреть маршрут до него.",
    "card.faith": "Места поклонения, расположенные рядом с пользователем, будут перечислены вместе с информацией об этих местах. Пользователь также сможет выбрать тип транспорта до указанного места и просмотреть маршрут до него.",
    "card.food": "Будут перечислены продовольственные банки, расположенные близко к пользователю, включая информацию об этом месте. Пользователь сможет выбрать тип транспорта до указанного места и также сможет просмотреть маршрут до этого места.",
    "card.government": "Будут перечислены государственные службы, расположенные близко к пользователю, включая информацию об этом месте. Пользователь также сможет выбрать тип транспорта до указанного места и просмотреть маршрут до него.",
    "card.healthcare": "Будут перечислены медицинские услуги, расположенные близко к пользователю, включая информацию об этом месте. Пользователь также сможет выбрать тип транспорта до указанного места и просмотреть маршрут до него.",
    "card.housing": "Будут перечислены приюты для бездомных, расположенные рядом с пользователем, включая информацию об этом месте. Пользователь также сможет выбрать тип транспорта до указанного места и просмотреть маршрут до него.",
    "card.jobs": "Будут перечислены службы по трудоустройству, расположенные близко к пользователю, включая информацию об этом месте. Пользователь также сможет выбрать тип транспорта до указанного места и просмотреть маршрут до него.",
    "card.worship": "Места поклонения",
    "copyright": "Авторские права",
    "directions.Take_the_ramp_to": "Съезжайте на съезд к",
    "directions.continue_on": "продолжайте",
    "directions.continue_onto": "Продолжайте движение по",
    "directions.continue_straight": "продолжайте движение прямо",
    "directions.continue_straight_onto": "продолжайте движение прямо по",
    "directions.destination_will_be_on_the_left": "Пункт назначения будет слева",
    "directions.destination_will_be_on_the_right": "Пункт назначения будет справа",
    "directions.directions": "Направления",
    "directions.distance": "Расстояние",
    "directions.drive_to": "Едьте до",
    "directions.duration": "Продолжительность",
    "directions.exit": "выход",
    "directions.follow": "следовать",
    "directions.follow_signs": "следуйте знакам",
    "directions.get_directions": "Получить направления",
    "directions.head_east": "Двигайтесь на восток",
    "directions.head_east_on": "Двигайтесь на восток по",
    "directions.head_north": "Идите на север",
    "directions.head_north_on": "Двигайтесь на север по",
    "directions.head_north_toward": "Двигайтесь на север в направлении",
    "directions.head_south": "Двигайтесь на юг",
    "directions.head_south_on": "Двигайтесь на юг по",
    "directions.head_west": "Двигайтесь на запад",
    "directions.head_west_on": "Двигайтесь на запад по",
    "directions.keep_left": "Держитесь левой стороны",
    "directions.keep_left_to_continue_on": "Держитесь слева, чтобы продолжить движение",
    "directions.keep_left_to_stay": "Держитесь слева, чтобы остаться",
    "directions.keep_right": "Держитесь справа",
    "directions.keep_right_to_continue_on": "Держитесь справа, чтобы продолжить движение",
    "directions.keep_right_to_stay": "Держитесь справа, чтобы остаться",
    "directions.lanes_to_merge_onto": "полосы для слияния",
    "directions.merge_onto": "Съехать на",
    "directions.slight_left_onto": "Небольшой поворот налево на",
    "directions.slight_right_onto": "Небольшой поворот направо на",
    "directions.step": "Шаг",
    "directions.take_exit": "съезжайте",
    "directions.to_stay_on": "Оставаться на",
    "directions.toward": "в сторону",
    "directions.towards": "в направлении",
    "directions.turn_left_at_the": "Поверните налево на",
    "directions.turn_left_onto": "Поверните налево на",
    "directions.turn_left_to_merge": "Поверните налево для слияния",
    "directions.turn_left_to_merge_onto": "Поверните налево, чтобы влиться в",
    "directions.turn_left_towards": "Поверните налево в сторону",
    "directions.turn_right_at_the": "Поверните направо на",
    "directions.turn_right_onto": "Поверните направо на",
    "directions.turn_right_to_merge": "Поверните направо для слияния",
    "directions.turn_right_to_merge_onto": "Поверните направо, чтобы влиться в",
    "directions.turn_right_toward": "Поверните направо в сторону",
    "directions.turn_right_towards": "Поверните направо в сторону",
    "directions.turns_slightly_left_and_becomes": "немного поворачивает влево и становится",
    "directions.turns_slightly_right_and_becomes": "немного поворачивает вправо и становится",
    "directions.use_any_lane_to_take": "Используйте любую полосу для поворота",
    "directions.use_the_right": "Используйте правую",
    "directions.walk_to": "Идите к",
    "dmv.dmv": "Услуги DMV",
    "education.education_services": "Образовательные услуги",
    "faith.religous_services": "Религиозные службы",
    "favorite.add": "Добавить",
    "favorite.add_document": "Добавить документ",
    "favorite.available_documents": "Доступные документы",
    "favorite.category": "Категория",
    "favorite.delete": "Удалить",
    "favorite.dmv": "ДМВ",
    "favorite.document": "Документ",
    "favorite.favorite": "Избранное",
    "favorite.log_out": "Выйти",
    "favorite.my_saved_documents": "Мои сохраненные документы",
    "favorite.name": "Имя",
    "favorite.number": "Номер",
    "favorite.print_\/_download": "Печать \/ Загрузка",
    "favorite.welcome": "Добро пожаловать",
    "food.food_banks": "Банки продуктов",
    "food_bank": "Продовольственный банк",
    "footer.banking_services": "Банковские услуги",
    "footer.dmv_services": "Услуги DMV",
    "footer.education": "Образование",
    "footer.faith_based_services": "Религиозные услуги",
    "footer.food_banks": "Банки продуктов",
    "footer.government_services": "Государственные услуги",
    "footer.healthcare": "Здравоохранение",
    "footer.housing": "Жилье",
    "footer.jobs": "Работа",
    "footer.more_categories": "Больше категорий",
    "googlemap.header": "Места поблизости",
    "government.government_services": "Государственные услуги",
    "health.healthcare": "Здравоохранение",
    "home.banking": "Банковские сервисы",
    "home.category": "Выберите свою категорию",
    "home.dmv": "Услуги DMV",
    "home.education": "Образование",
    "home.faith": "Религиозные услуги",
    "home.food_banks": "Продовольственные банки",
    "home.government_services": "Государственные услуги",
    "home.healthcare": "Здравоохранение",
    "home.housing": "Корпус",
    "home.jobs": "Вакансии",
    "homeless_shelter": "Приюты для бездомных",
    "housing.homeless_shelter": "Приют для бездомных",
    "infoWindow.address": "Адрес",
    "infoWindow.name": "Имя",
    "infoWindow.noDetails": "Подробности отсутствуют",
    "infoWindow.openingHours": "Часы работы",
    "infoWindow.phone": "Телефон",
    "infoWindow.rating": "Рейтинг",
    "infoWindow.website": "Веб-сайт",
    "infowindow.currently": "В настоящее время",
    "job_agency": "Агентства по трудоустройству",
    "jobs.job_agencies": "Агентства по трудоустройству",
    "landing.city": "Расположение",
    "landing.language": "Язык",
    "language.arabic": "Арабский",
    "language.chinese": "Китайский",
    "language.english": "Английский",
    "language.french": "Французский",
    "language.hindi": "Хинди",
    "language.korean": "Корейский",
    "language.russian": "Русский",
    "language.spanish": "Испанский",
    "loginpage.account": "У вас нет аккаунта?",
    "loginpage.email": "Электронная почта",
    "loginpage.enter_login_password": "Пожалуйста, введите ваш логин и пароль!",
    "loginpage.forgot_password": "Забыли пароль?",
    "loginpage.password": "Пароль",
    "loginpage.remember_password": "Запомнить пароль",
    "map.bicycling": "Велосипедный спорт",
    "map.bus": "Автобус",
    "map.driving": "Вождение",
    "map.hide_details": "Скрыть детали",
    "map.rail": "Рельс",
    "map.show_details": "Показать детали",
    "map.subway": "Метро",
    "map.train": "Поезд",
    "map.tram": "Трамвай",
    "map.transit": "Транзит",
    "map.transit_mode": "Режим транзита:",
    "map.travel_mode": "Режим путешествия:",
    "map.walking": "Ходьба",
    "mission_statement": "Создать плавный переход для иммигрантов, чтобы они могли получить доступ к необходимой им информации. Когда иммигранты приезжают, они не знают, какие ресурсы им могут понадобиться. Предоставить правовую и точную информацию иммигрантам, иммигрирующим в США. Информация доступна в одном приложении, а также позволяет пользователям выбирать язык.",
    "mydoc.back_to_documents": "Вернуться к документам",
    "mydoc.saved_documents": "Сохраненные документы",
    "navbar.home": "Дом",
    "navbar.login": "Вход",
    "navbar.signup": "Регистрация",
    "resources.available_resources": "Доступные ресурсы",
    "signup.account": "У вас есть аккаунт?",
    "signup.first_name": "Имя",
    "signup.last_name": "Фамилия"
}