{
    "borough.bronx": "Бронкс",
    "borough.brooklyn": "Бруклин",
    "borough.manhattan": "Манхэттен",
    "borough.queens": "Квинс",
    "borough.staten_island": "Статен-Айленд",
    "button.back": "Назад",
    "copyright": "Авторские права",
    "food_bank": "Продовольственный банк",
    "googlemap.header": "Места поблизости",
    "home.banking": "Банковские сервисы",
    "home.category": "Выберите свою категорию",
    "home.dmv": "Услуги DMV",
    "home.education": "Образование",
    "home.faith": "Религиозные услуги",
    "home.food_banks": "Продовольственные банки",
    "home.government_services": "Государственные услуги",
    "home.healthcare": "Здравоохранение",
    "home.housing": "Корпус",
    "home.jobs": "Вакансии",
    "homeless_shelter": "Приюты для бездомных",
    "infoWindow.address": "Адрес",
    "infoWindow.name": "Имя",
    "infoWindow.noDetails": "Подробности отсутствуют",
    "infoWindow.openingHours": "Часы работы",
    "infoWindow.phone": "Телефон",
    "infoWindow.rating": "Рейтинг",
    "infoWindow.website": "Веб-сайт",
    "job_agency": "Агентства по трудоустройству",
    "landing.city": "Выберите свое местоположение",
    "landing.language": "Выберите ваш язык",
    "mission_statement": "Создать плавный переход для иммигрантов, чтобы они могли получить доступ к необходимой им информации. Когда иммигранты приезжают, они не знают, какие ресурсы им могут понадобиться. Предоставить правовую и точную информацию иммигрантам, иммигрирующим в США. Информация доступна в одном приложении, а также позволяет пользователям выбирать язык."
}