{
    "borough.bronx": "Бронкс",
    "borough.brooklyn": "Бруклин",
    "borough.manhattan": "Манхэттен",
    "borough.queens": "Квинс",
    "borough.staten_island": "Статен-Айленд",
    "button.back": "Назад",
    "copyright": "Авторские права",
    "favorite.category": "Категория",
    "favorite.delete": "Удалить",
    "favorite.document": "Документ",
    "favorite.favorite": "Избранное",
    "favorite.my_documents": "Мои документы",
    "favorite.name": "Имя",
    "favorite.number": "Номер",
    "favorite.print_\/_download": "Печать \/ Загрузка",
    "food_bank": "Продовольственный банк",
    "footer.banking_services": "Банковские услуги",
    "footer.dmv_services": "Услуги DMV",
    "footer.education": "Образование",
    "footer.faith_based_services": "Религиозные услуги",
    "footer.food_banks": "Банки продуктов",
    "footer.government_services": "Государственные услуги",
    "footer.healthcare": "Здравоохранение",
    "footer.housing": "Жилье",
    "footer.jobs": "Работа",
    "footer.more_categories": "Больше категорий",
    "googlemap.header": "Места поблизости",
    "home.banking": "Банковские сервисы",
    "home.category": "Выберите свою категорию",
    "home.dmv": "Услуги DMV",
    "home.education": "Образование",
    "home.faith": "Религиозные услуги",
    "home.food_banks": "Продовольственные банки",
    "home.government_services": "Государственные услуги",
    "home.healthcare": "Здравоохранение",
    "home.housing": "Корпус",
    "home.jobs": "Вакансии",
    "homeless_shelter": "Приюты для бездомных",
    "infoWindow.address": "Адрес",
    "infoWindow.name": "Имя",
    "infoWindow.noDetails": "Подробности отсутствуют",
    "infoWindow.openingHours": "Часы работы",
    "infoWindow.phone": "Телефон",
    "infoWindow.rating": "Рейтинг",
    "infoWindow.website": "Веб-сайт",
    "infowindow.currently": "В настоящее время",
    "job_agency": "Агентства по трудоустройству",
    "landing.city": "Расположение",
    "landing.language": "Язык",
    "language.arabic": "Арабский",
    "language.chinese": "Китайский",
    "language.english": "Английский",
    "language.french": "Французский",
    "language.hindi": "Хинди",
    "language.korean": "Корейский",
    "language.russian": "Русский",
    "language.spanish": "Испанский",
    "loginpage.account": "У вас нет аккаунта?",
    "loginpage.email": "Электронная почта",
    "loginpage.enter_login_password": "Пожалуйста, введите ваш логин и пароль!",
    "loginpage.forgot_password": "Забыли пароль?",
    "loginpage.password": "Пароль",
    "loginpage.remember_password": "Запомнить пароль",
    "map.bicycling": "Велосипедный спорт",
    "map.bus": "Автобус",
    "map.driving": "Вождение",
    "map.rail": "Рельс",
    "map.subway": "Метро",
    "map.train": "Поезд",
    "map.tram": "Трамвай",
    "map.transit": "Транзит",
    "map.transit_mode": "Режим транзита:",
    "map.travel_mode": "Режим путешествия:",
    "map.walking": "Ходьба",
    "mission_statement": "Создать плавный переход для иммигрантов, чтобы они могли получить доступ к необходимой им информации. Когда иммигранты приезжают, они не знают, какие ресурсы им могут понадобиться. Предоставить правовую и точную информацию иммигрантам, иммигрирующим в США. Информация доступна в одном приложении, а также позволяет пользователям выбирать язык.",
    "navbar.home": "Дом",
    "navbar.login": "Вход",
    "navbar.signup": "Регистрация",
    "signup.account": "У вас есть аккаунт?",
    "signup.first_name": "Имя",
    "signup.last_name": "Фамилия"
}