{
    "all.back": "뒤로",
    "all.click_on_the_marker_to_view_place_details": "마커를 클릭하여 장소 세부 정보를 확인하세요",
    "all.load_more": "더 불러오기",
    "bank.banking_services": "은행 서비스",
    "borough.bronx": "브롱크스",
    "borough.brooklyn": "브루클린",
    "borough.manhattan": "맨해튼",
    "borough.queens": "퀸즈",
    "borough.staten_island": "스태튼 아일랜드",
    "button.back": "뒤쪽에",
    "card.bank": "사용자 근처에 위치한 은행들이 해당 위치의 정보를 포함하여 나열됩니다. 사용자는 나열된 위치로의 교통 수단을 선택할 수 있으며, 그 위치로의 길찾기도 볼 수 있습니다.",
    "card.banking": "은행업",
    "card.dmv": "사용자 근처에 위치한 DMV가 위치 정보와 함께 나열됩니다. 사용자는 나열된 위치로의 교통 수단을 선택할 수 있으며, 그 위치로의 길을 볼 수도 있습니다.",
    "card.dmvservice": "DMV",
    "card.edu": "교육",
    "card.education": "사용자 근처에 위치한 학교들이 해당 위치의 정보와 함께 나열될 것입니다. 사용자는 나열된 위치로의 교통 수단을 선택할 수 있으며, 그 위치로의 길 안내도 볼 수 있습니다.",
    "card.faith": "사용자에게 위치한 예배 장소들이 그 위치의 정보를 포함하여 나열될 것입니다. 사용자는 또한 나열된 위치로의 교통 수단을 선택할 수 있으며 그 위치로의 길을 볼 수도 있습니다.",
    "card.food": "사용자 근처에 위치한 식품은행이 해당 위치의 정보와 함께 나열됩니다. 사용자는 나열된 위치로의 교통 수단을 선택할 수 있으며, 그 위치로의 길을 볼 수도 있습니다.",
    "card.government": "사용자 근처에 위치한 정부 서비스가 해당 위치의 정보를 포함하여 나열됩니다. 사용자는 나열된 위치로의 교통 수단을 선택할 수도 있고, 그 위치로의 길을 볼 수도 있습니다.",
    "card.healthcare": "사용자 근처에 위치한 건강 관리 서비스가 해당 위치의 정보를 포함하여 나열됩니다. 사용자는 나열된 위치로의 교통 수단을 선택할 수 있으며, 그 위치로의 길을 볼 수도 있습니다.",
    "card.housing": "사용자 근처에 위치한 노숙자 보호소가 위치 정보와 함께 나열됩니다. 사용자는 나열된 위치로의 교통 수단을 선택할 수 있으며, 그 위치로의 길을 볼 수도 있습니다.",
    "card.jobs": "사용자 근처에 위치한 직업 서비스가 해당 위치의 정보를 포함하여 나열됩니다. 사용자는 나열된 위치로의 교통 수단을 선택할 수 있으며, 그 위치로의 길을 볼 수도 있습니다.",
    "card.worship": "예배 장소",
    "copyright": "저작권",
    "directions.Take_the_ramp_to": "램프를 따라 가세요",
    "directions.continue_on": "계속하다",
    "directions.continue_onto": "계속 진행하십시오",
    "directions.continue_straight": "곧장 계속 가세요",
    "directions.continue_straight_onto": "계속 직진하세요",
    "directions.destination_will_be_on_the_left": "목적지는 왼쪽에 있을 것입니다",
    "directions.destination_will_be_on_the_right": "목적지는 오른쪽에 있을 것입니다",
    "directions.directions": "지시사항",
    "directions.distance": "거리",
    "directions.drive_to": "운전하다",
    "directions.duration": "기간",
    "directions.exit": "출구",
    "directions.follow": "따르다",
    "directions.follow_signs": "표지판을 따르세요",
    "directions.get_directions": "길 찾기",
    "directions.head_east": "동쪽으로 가세요",
    "directions.head_east_on": "동쪽으로 향하십시오",
    "directions.head_north": "북쪽으로 가세요",
    "directions.head_north_on": "북쪽으로 향하십시오",
    "directions.head_north_toward": "북쪽으로 향하십시오",
    "directions.head_south": "남쪽으로 가세요",
    "directions.head_south_on": "남쪽으로 향하십시오",
    "directions.head_west": "서쪽으로 가세요",
    "directions.head_west_on": "서쪽으로 향하십시오",
    "directions.keep_left": "왼쪽에 머물다",
    "directions.keep_left_to_continue_on": "계속 진행하려면 왼쪽으로 유지하세요",
    "directions.keep_left_to_stay": "왼쪽으로 가세요",
    "directions.keep_right": "오른쪽머물다",
    "directions.keep_right_to_continue_on": "계속 진행하려면 오른쪽으로 가세요",
    "directions.keep_right_to_stay": "오른쪽으로 계속 가세요",
    "directions.lanes_to_merge_onto": "합류할 차선",
    "directions.merge_onto": "합류하다",
    "directions.slight_left_onto": "조금 왼쪽으로",
    "directions.slight_right_onto": "약간 오른쪽으로",
    "directions.step": "단계",
    "directions.take_exit": "출구를 이용하세요",
    "directions.to_stay_on": "머무르다",
    "directions.toward": "쪽으로",
    "directions.towards": "쪽으로",
    "directions.turn_left_at_the": "왼쪽으로 돌아가세요",
    "directions.turn_left_onto": "왼쪽으로 돌아서",
    "directions.turn_left_to_merge": "좌회전하여 합류하세요",
    "directions.turn_left_to_merge_onto": "왼쪽으로 방향을 틀어 병합하십시오",
    "directions.turn_left_towards": "방면으로 좌회전",
    "directions.turn_right_at_the": "에서 오른쪽으로 돌아주세요",
    "directions.turn_right_onto": "오른쪽으로 회전하세요",
    "directions.turn_right_to_merge": "오른쪽으로 합류하세요",
    "directions.turn_right_to_merge_onto": "오른쪽으로 방향을 틀어 병합하십시오",
    "directions.turn_right_toward": "오른쪽으로 향하십시오",
    "directions.turn_right_towards": "방면으로 우회전",
    "directions.turns_slightly_left_and_becomes": "약간 왼쪽으로 틀어져서 변합니다",
    "directions.turns_slightly_right_and_becomes": "약간 오른쪽으로 틀어져서 변합니다",
    "directions.use_any_lane_to_take": "어느 차선이든 사용하여 진행하십시오",
    "directions.use_the_right": "오른쪽을 사용하십시오",
    "directions.walk_to": "걷기",
    "dmv.dmv": "DMV 서비스",
    "education.education_services": "교육 서비스",
    "faith.religous_services": "종교 서비스",
    "favorite.add": "추가",
    "favorite.add_document": "문서 추가",
    "favorite.available_documents": "사용 가능한 문서",
    "favorite.category": "카테고리",
    "favorite.delete": "삭제",
    "favorite.dmv": "DMV",
    "favorite.document": "문서",
    "favorite.favorite": "즐겨찾기",
    "favorite.log_out": "로그 아웃",
    "favorite.my_saved_documents": "저장된 문서들",
    "favorite.name": "이름",
    "favorite.number": "번호",
    "favorite.print_\/_download": "인쇄 \/ 다운로드",
    "favorite.welcome": "환영합니다",
    "food.food_banks": "식품은행",
    "food_bank": "푸드뱅크",
    "footer.banking_services": "은행 서비스",
    "footer.dmv_services": "DMV 서비스",
    "footer.education": "교육",
    "footer.faith_based_services": "신앙 기반 서비스",
    "footer.food_banks": "식품은행",
    "footer.government_services": "정부 서비스",
    "footer.healthcare": "헬스케어",
    "footer.housing": "주택",
    "footer.jobs": "직업",
    "footer.more_categories": "더 많은 카테고리",
    "googlemap.header": "주변 장소",
    "government.government_services": "정부 서비스",
    "health.healthcare": "헬스케어",
    "home.banking": "은행 서비스",
    "home.category": "카테고리를 선택하세요",
    "home.dmv": "DMV 서비스",
    "home.education": "교육",
    "home.faith": "신앙 기반 서비스",
    "home.food_banks": "푸드뱅크",
    "home.government_services": "정부 서비스",
    "home.healthcare": "보건 의료",
    "home.housing": "주택",
    "home.jobs": "채용 정보",
    "homeless_shelter": "노숙자 보호소",
    "housing.homeless_shelter": "무집택자 보호소",
    "infoWindow.address": "주소",
    "infoWindow.name": "이름",
    "infoWindow.noDetails": "세부정보가 없습니다.",
    "infoWindow.openingHours": "개관 시간",
    "infoWindow.phone": "핸드폰",
    "infoWindow.rating": "평가",
    "infoWindow.website": "웹사이트",
    "infowindow.currently": "현재",
    "job_agency": "직업 소개소",
    "jobs.job_agencies": "직업 에이전시",
    "landing.city": "위치",
    "landing.language": "언어",
    "language.arabic": "아랍어",
    "language.chinese": "중국어",
    "language.english": "영어",
    "language.french": "프랑스어",
    "language.hindi": "힌디어",
    "language.korean": "한국어",
    "language.russian": "러시아어",
    "language.spanish": "스페인어",
    "loginpage.account": "계정이 없으신가요?",
    "loginpage.email": "이메일",
    "loginpage.enter_login_password": "로그인과 비밀번호를 입력해 주세요!",
    "loginpage.forgot_password": "비밀번호를 잊으셨나요?",
    "loginpage.password": "비밀번호",
    "loginpage.remember_password": "비밀번호 기억하기",
    "map.bicycling": "자전거 타기",
    "map.bus": "버스",
    "map.driving": "운전",
    "map.hide_details": "세부 정보 숨기기",
    "map.rail": "철도",
    "map.show_details": "세부 정보 보기",
    "map.subway": "지하철",
    "map.train": "기차",
    "map.tram": "트램",
    "map.transit": "대중교통",
    "map.transit_mode": "교통 모드:",
    "map.travel_mode": "여행 모드:",
    "map.walking": "걷기",
    "mission_statement": "이민자들이 필요한 정보에 접근할 수 있도록 원활한 전환을 제공합니다. 이민자들이 도착할 때 그들은 필요한 자원이 무엇인지 알지 못합니다. 미국으로 이민하는 이민자들에게 합법적이고 정확한 정보를 제공하기 위해 정보는 하나의 앱에서 접근 가능하며 사용자는 언어를 선택할 수도 있습니다.",
    "mydoc.back_to_documents": "문서로 돌아가기",
    "mydoc.saved_documents": "저장된 문서",
    "navbar.home": "홈",
    "navbar.login": "로그인",
    "navbar.signup": "가입하기",
    "resources.available_resources": "사용 가능한 자원",
    "signup.account": "계정이 있으십니까?",
    "signup.first_name": "이름",
    "signup.last_name": "성"
}