{
    "all.back": "뒤로",
    "all.click_on_the_marker_to_view_place_details": "마커를 클릭하여 장소 세부 정보를 확인하세요",
    "all.load_more": "더 불러오기",
    "bank.banking_services": "은행 서비스",
    "borough.bronx": "브롱크스",
    "borough.brooklyn": "브루클린",
    "borough.manhattan": "맨해튼",
    "borough.queens": "퀸즈",
    "borough.staten_island": "스태튼 아일랜드",
    "button.back": "뒤쪽에",
    "copyright": "저작권",
    "directions.continue_onto": "계속 진행하십시오",
    "directions.destination_will_be_on_the_left": "목적지는 왼쪽에 있을 것입니다",
    "directions.destination_will_be_on_the_right": "목적지는 오른쪽에 있을 것입니다",
    "directions.head_east": "동쪽으로 가세요",
    "directions.head_east_on": "동쪽으로 향하십시오",
    "directions.head_north": "북쪽으로 가세요",
    "directions.head_north_on": "북쪽으로 향하십시오",
    "directions.head_south": "남쪽으로 가세요",
    "directions.head_south_on": "남쪽으로 향하십시오",
    "directions.head_west": "서쪽으로 가세요",
    "directions.head_west_on": "서쪽으로 향하십시오",
    "directions.keep_left": "왼쪽에 머물다",
    "directions.keep_right": "오른쪽머물다",
    "directions.merge_onto": "합류하다",
    "directions.to_stay_on": "머무르다",
    "directions.towards": "쪽으로",
    "directions.turn_left_at_the": "왼쪽으로 돌아가세요",
    "directions.turn_left_onto": "왼쪽으로 돌아서",
    "directions.turn_left_to_merge": "좌회전하여 합류하세요",
    "directions.turn_left_to_merge_onto": "왼쪽으로 방향을 틀어 병합하십시오",
    "directions.turn_left_towards": "방면으로 좌회전",
    "directions.turn_right_at_the": "에서 오른쪽으로 돌아주세요",
    "directions.turn_right_onto": "오른쪽으로 회전하세요",
    "directions.turn_right_to_merge": "오른쪽으로 합류하세요",
    "directions.turn_right_to_merge_onto": "오른쪽으로 방향을 틀어 병합하십시오",
    "directions.turn_right_towards": "방면으로 우회전",
    "education.education_services": "교육 서비스",
    "faith.religous_services": "종교 서비스",
    "favorite.add": "추가",
    "favorite.add_document": "문서 추가",
    "favorite.available_documents": "사용 가능한 문서",
    "favorite.category": "카테고리",
    "favorite.delete": "삭제",
    "favorite.dmv": "DMV",
    "favorite.document": "문서",
    "favorite.favorite": "즐겨찾기",
    "favorite.log_out": "로그 아웃",
    "favorite.my_saved_documents": "저장된 문서들",
    "favorite.name": "이름",
    "favorite.number": "번호",
    "favorite.print_\/_download": "인쇄 \/ 다운로드",
    "favorite.welcome": "환영합니다",
    "food.food_banks": "식품은행",
    "food_bank": "푸드뱅크",
    "footer.banking_services": "은행 서비스",
    "footer.dmv_services": "DMV 서비스",
    "footer.education": "교육",
    "footer.faith_based_services": "신앙 기반 서비스",
    "footer.food_banks": "식품은행",
    "footer.government_services": "정부 서비스",
    "footer.healthcare": "헬스케어",
    "footer.housing": "주택",
    "footer.jobs": "직업",
    "footer.more_categories": "더 많은 카테고리",
    "googlemap.header": "주변 장소",
    "government.government_services": "정부 서비스",
    "health.healthcare": "헬스케어",
    "home.banking": "은행 서비스",
    "home.category": "카테고리를 선택하세요",
    "home.dmv": "DMV 서비스",
    "home.education": "교육",
    "home.faith": "신앙 기반 서비스",
    "home.food_banks": "푸드뱅크",
    "home.government_services": "정부 서비스",
    "home.healthcare": "보건 의료",
    "home.housing": "주택",
    "home.jobs": "채용 정보",
    "homeless_shelter": "노숙자 보호소",
    "housing.homeless_shelter": "무집택자 보호소",
    "infoWindow.address": "주소",
    "infoWindow.name": "이름",
    "infoWindow.noDetails": "세부정보가 없습니다.",
    "infoWindow.openingHours": "개관 시간",
    "infoWindow.phone": "핸드폰",
    "infoWindow.rating": "평가",
    "infoWindow.website": "웹사이트",
    "infowindow.currently": "현재",
    "job_agency": "직업 소개소",
    "jobs.job_agencies": "직업 에이전시",
    "landing.city": "위치",
    "landing.language": "언어",
    "language.arabic": "아랍어",
    "language.chinese": "중국어",
    "language.english": "영어",
    "language.french": "프랑스어",
    "language.hindi": "힌디어",
    "language.korean": "한국어",
    "language.russian": "러시아어",
    "language.spanish": "스페인어",
    "loginpage.account": "계정이 없으신가요?",
    "loginpage.email": "이메일",
    "loginpage.enter_login_password": "로그인과 비밀번호를 입력해 주세요!",
    "loginpage.forgot_password": "비밀번호를 잊으셨나요?",
    "loginpage.password": "비밀번호",
    "loginpage.remember_password": "비밀번호 기억하기",
    "map.bicycling": "자전거 타기",
    "map.bus": "버스",
    "map.driving": "운전",
    "map.hide_details": "세부 정보 숨기기",
    "map.rail": "철도",
    "map.subway": "지하철",
    "map.train": "기차",
    "map.tram": "트램",
    "map.transit": "대중교통",
    "map.transit_mode": "교통 모드:",
    "map.travel_mode": "여행 모드:",
    "map.walking": "걷기",
    "mission_statement": "이민자들이 필요한 정보에 접근할 수 있도록 원활한 전환을 제공합니다. 이민자들이 도착할 때 그들은 필요한 자원이 무엇인지 알지 못합니다. 미국으로 이민하는 이민자들에게 합법적이고 정확한 정보를 제공하기 위해 정보는 하나의 앱에서 접근 가능하며 사용자는 언어를 선택할 수도 있습니다.",
    "mydoc.back_to_documents": "문서로 돌아가기",
    "mydoc.saved_documents": "저장된 문서",
    "navbar.home": "홈",
    "navbar.login": "로그인",
    "navbar.signup": "가입하기",
    "resources.available_resources": "사용 가능한 자원",
    "signup.account": "계정이 있으십니까?",
    "signup.first_name": "이름",
    "signup.last_name": "성"
}