{
    "borough.bronx": "브롱크스",
    "borough.brooklyn": "브루클린",
    "borough.manhattan": "맨해튼",
    "borough.queens": "퀸즈",
    "borough.staten_island": "스태튼 아일랜드",
    "button.back": "뒤쪽에",
    "copyright": "저작권",
    "food_bank": "푸드뱅크",
    "googlemap.header": "주변 장소",
    "home.banking": "은행 서비스",
    "home.category": "카테고리를 선택하세요",
    "home.dmv": "DMV 서비스",
    "home.education": "교육",
    "home.faith": "신앙 기반 서비스",
    "home.food_banks": "푸드뱅크",
    "home.government_services": "정부 서비스",
    "home.healthcare": "보건 의료",
    "home.housing": "주택",
    "home.jobs": "채용 정보",
    "homeless_shelter": "노숙자 보호소",
    "infoWindow.address": "주소",
    "infoWindow.name": "이름",
    "infoWindow.noDetails": "세부정보가 없습니다.",
    "infoWindow.openingHours": "개관 시간",
    "infoWindow.phone": "핸드폰",
    "infoWindow.rating": "평가",
    "infoWindow.website": "웹사이트",
    "job_agency": "직업 소개소",
    "landing.city": "귀하의 위치를 선택하세요",
    "landing.language": "당신의 언어를 고르시 오",
    "mission_statement": "이민자들이 필요한 정보에 접근할 수 있도록 원활한 전환을 제공합니다. 이민자들이 도착할 때 그들은 필요한 자원이 무엇인지 알지 못합니다. 미국으로 이민하는 이민자들에게 합법적이고 정확한 정보를 제공하기 위해 정보는 하나의 앱에서 접근 가능하며 사용자는 언어를 선택할 수도 있습니다."
}