{
    "borough.bronx": "브롱크스",
    "borough.brooklyn": "브루클린",
    "borough.manhattan": "맨해튼",
    "borough.queens": "퀸즈",
    "borough.staten_island": "스태튼 아일랜드",
    "button.back": "뒤쪽에",
    "copyright": "저작권",
    "favorite.category": "카테고리",
    "favorite.delete": "삭제",
    "favorite.document": "문서",
    "favorite.favorite": "즐겨찾기",
    "favorite.my_documents": "내 문서",
    "favorite.name": "이름",
    "favorite.number": "번호",
    "favorite.print_\/_download": "인쇄 \/ 다운로드",
    "food_bank": "푸드뱅크",
    "footer.banking_services": "은행 서비스",
    "footer.dmv_services": "DMV 서비스",
    "footer.education": "교육",
    "footer.faith_based_services": "신앙 기반 서비스",
    "footer.food_banks": "식품은행",
    "footer.government_services": "정부 서비스",
    "footer.healthcare": "헬스케어",
    "footer.housing": "주택",
    "footer.jobs": "직업",
    "footer.more_categories": "더 많은 카테고리",
    "googlemap.header": "주변 장소",
    "home.banking": "은행 서비스",
    "home.category": "카테고리를 선택하세요",
    "home.dmv": "DMV 서비스",
    "home.education": "교육",
    "home.faith": "신앙 기반 서비스",
    "home.food_banks": "푸드뱅크",
    "home.government_services": "정부 서비스",
    "home.healthcare": "보건 의료",
    "home.housing": "주택",
    "home.jobs": "채용 정보",
    "homeless_shelter": "노숙자 보호소",
    "infoWindow.address": "주소",
    "infoWindow.name": "이름",
    "infoWindow.noDetails": "세부정보가 없습니다.",
    "infoWindow.openingHours": "개관 시간",
    "infoWindow.phone": "핸드폰",
    "infoWindow.rating": "평가",
    "infoWindow.website": "웹사이트",
    "job_agency": "직업 소개소",
    "landing.city": "귀하의 위치를 선택하세요",
    "landing.language": "당신의 언어를 고르시 오",
    "loginpage.account": "계정이 없으신가요?",
    "loginpage.email": "이메일",
    "loginpage.enter_login_password": "로그인과 비밀번호를 입력해 주세요!",
    "loginpage.forgot_password": "비밀번호를 잊으셨나요?",
    "loginpage.password": "비밀번호",
    "loginpage.remember_password": "비밀번호 기억하기",
    "map.bicycling": "자전거 타기",
    "map.bus": "버스",
    "map.driving": "운전",
    "map.rail": "철도",
    "map.subway": "지하철",
    "map.train": "기차",
    "map.tram": "트램",
    "map.transit": "대중교통",
    "map.transit_mode": "교통 모드:",
    "map.travel_mode": "여행 모드:",
    "map.walking": "걷기",
    "mission_statement": "이민자들이 필요한 정보에 접근할 수 있도록 원활한 전환을 제공합니다. 이민자들이 도착할 때 그들은 필요한 자원이 무엇인지 알지 못합니다. 미국으로 이민하는 이민자들에게 합법적이고 정확한 정보를 제공하기 위해 정보는 하나의 앱에서 접근 가능하며 사용자는 언어를 선택할 수도 있습니다.",
    "navbar.home": "홈",
    "navbar.login": "로그인",
    "navbar.signup": "가입하기",
    "signup.account": "계정이 있으십니까?",
    "signup.first_name": "이름",
    "signup.last_name": "성"
}