{
    "all.back": "العودة",
    "all.click_on_the_marker_to_view_place_details": "انقر على العلامة لعرض تفاصيل المكان",
    "all.load_more": "تحميل المزيد",
    "bank.banking_services": "خدمات البنك",
    "borough.bronx": "برونكس",
    "borough.brooklyn": "بروكلين",
    "borough.manhattan": "مانهاتن",
    "borough.queens": "كوينز",
    "borough.staten_island": "Staten Island",
    "button.back": "خلف",
    "copyright": "حقوق النشر",
    "directions.Take_the_ramp_to": "خذ المنحدر إلى",
    "directions.continue_on": "استمر في",
    "directions.continue_onto": "استمر في",
    "directions.continue_straight": "استمر مباشرة",
    "directions.continue_straight_onto": "استمر مباشرة نحو",
    "directions.destination_will_be_on_the_left": "الوجهة ستكون على اليسار",
    "directions.destination_will_be_on_the_right": "الوجهة ستكون على اليمين",
    "directions.drive_to": "قد إلى",
    "directions.exit": "خروج",
    "directions.follow": "تابع",
    "directions.follow_signs": "اتبع الإشارات",
    "directions.head_east": "اتجه شرقا",
    "directions.head_east_on": "اتجه شرقاً على",
    "directions.head_north": "اتجه شمالا",
    "directions.head_north_on": "اتجه شمالا على",
    "directions.head_north_toward": "اتجه شمالاً نحو",
    "directions.head_south": "اتجه إلى الجنوب",
    "directions.head_south_on": "اتجه جنوباً على",
    "directions.head_west": "اتجه إلى الغرب",
    "directions.head_west_on": "اتجه غربًا على",
    "directions.keep_left": "ابق على اليسار",
    "directions.keep_left_to_continue_on": "ابق على اليسار للمتابعة",
    "directions.keep_left_to_stay": "ابق على اليسار للبقاء",
    "directions.keep_right": "ابق على اليمين",
    "directions.keep_right_to_continue_on": "ابق على اليمين للمتابعة",
    "directions.keep_right_to_stay": "ابق على اليمين للبقاء",
    "directions.lanes_to_merge_onto": "المسارات للدمج فيها",
    "directions.merge_onto": "ادخل إلى",
    "directions.slight_left_onto": "انعطف قليلاً إلى اليسار على",
    "directions.slight_right_onto": "انعطف قليلاً إلى اليمين على",
    "directions.take_exit": "خذ المخرج",
    "directions.to_stay_on": "للبقاء على",
    "directions.toward": "نحو",
    "directions.towards": "نحو",
    "directions.turn_left_at_the": "اتجه يسارا عند",
    "directions.turn_left_onto": "اتجه يساراً نحو",
    "directions.turn_left_to_merge": "اتجه إلى اليسار للدمج",
    "directions.turn_left_to_merge_onto": "استدر لليسار للاندماج في",
    "directions.turn_left_towards": "اتجه يسارًا نحو",
    "directions.turn_right_at_the": "اتجه يمينا عند",
    "directions.turn_right_onto": "استدر يميناً نحو",
    "directions.turn_right_to_merge": "اتجه يمينا للدمج",
    "directions.turn_right_to_merge_onto": "استدر يمينًا للاندماج في",
    "directions.turn_right_toward": "اتجه يمينا نحو",
    "directions.turn_right_towards": "اتجه يمينا نحو",
    "directions.turns_slightly_left_and_becomes": "يتحول قليلاً إلى اليسار ويصبح",
    "directions.turns_slightly_right_and_becomes": "يتحول قليلاً إلى اليمين ويصبح",
    "directions.use_any_lane_to_take": "استخدم أي مسار للأخذ",
    "directions.use_the_right": "استخدم اليمين",
    "education.education_services": "خدمات التعليم",
    "faith.religous_services": "الخدمات الدينية",
    "favorite.add": "أضف",
    "favorite.add_document": "أضف وثيقة",
    "favorite.available_documents": "المستندات المتاحة",
    "favorite.category": "الفئة",
    "favorite.delete": "حذف",
    "favorite.dmv": "إدارة المرور",
    "favorite.document": "وثيقة",
    "favorite.favorite": "المفضل",
    "favorite.log_out": "تسجيل الخروج",
    "favorite.my_saved_documents": "مستنداتي المحفوظة",
    "favorite.name": "الاسم",
    "favorite.number": "رقم",
    "favorite.print_\/_download": "طباعة \/ تنزيل",
    "favorite.welcome": "أهلاً وسهلاً",
    "food.food_banks": "بنوك الطعام",
    "food_bank": "بنك الطعام",
    "footer.banking_services": "خدمات البنك",
    "footer.dmv_services": "خدمات DMV",
    "footer.education": "التعليم",
    "footer.faith_based_services": "الخدمات المبنية على الإيمان",
    "footer.food_banks": "بنوك الطعام",
    "footer.government_services": "خدمات الحكومة",
    "footer.healthcare": "الرعاية الصحية",
    "footer.housing": "السكن",
    "footer.jobs": "وظائف",
    "footer.more_categories": "المزيد من الفئات",
    "googlemap.header": "الاماكن المجاورة",
    "government.government_services": "خدمات الحكومة",
    "health.healthcare": "الرعاية الصحية",
    "home.banking": "خدمات بنكية",
    "home.category": "اختر فئتك",
    "home.dmv": "خدمات DMV",
    "home.education": "تعليم",
    "home.faith": "الخدمات القائمة على الإيمان",
    "home.food_banks": "مخزن طعام",
    "home.government_services": "خدمات حكومية",
    "home.healthcare": "الرعاىة الصحية",
    "home.housing": "السكن",
    "home.jobs": "وظائف",
    "homeless_shelter": "مأوى للمشردين",
    "housing.homeless_shelter": "مأوى للمشردين",
    "infoWindow.address": "عنوان",
    "infoWindow.name": "اسم",
    "infoWindow.noDetails": "لا توجد تفاصيل متاحة",
    "infoWindow.openingHours": "ساعات العمل",
    "infoWindow.phone": "هاتف",
    "infoWindow.rating": "تقييم",
    "infoWindow.website": "موقع إلكتروني",
    "infowindow.currently": "حاليا",
    "job_agency": "وكالات التوظيف",
    "jobs.job_agencies": "وكالات التوظيف",
    "landing.city": "موقع",
    "landing.language": "اختر لغتك",
    "language.arabic": "العربية",
    "language.chinese": "صيني",
    "language.english": "الإنجليزية",
    "language.french": "فرنسي",
    "language.hindi": "هندي",
    "language.korean": "كوري",
    "language.russian": "روسي",
    "language.spanish": "الإسبانية",
    "loginpage.account": "ليس لديك حساب؟",
    "loginpage.email": "البريد الإلكتروني",
    "loginpage.enter_login_password": "الرجاء إدخال اسم المستخدم وكلمة المرور الخاصة بك!",
    "loginpage.forgot_password": "نسيت كلمة المرور؟",
    "loginpage.password": "كلمة السر",
    "loginpage.remember_password": "تذكر كلمة المرور",
    "map.bicycling": "ركوب الدراجات",
    "map.bus": "حافلة",
    "map.driving": "القيادة",
    "map.hide_details": "إخفاء التفاصيل",
    "map.rail": "السكة الحديدية",
    "map.subway": "مترو الأنفاق",
    "map.train": "قطار",
    "map.tram": "ترام",
    "map.transit": "العبور",
    "map.transit_mode": "وضع العبور:",
    "map.travel_mode": "وضع السفر:",
    "map.walking": "المشي",
    "mission_statement": "لإنشاء انتقال سلس للمهاجرين حتى يتمكنوا من الوصول إلى المعلومات التي يحتاجون إليها. عندما يصل المهاجرون لا يكونون على دراية بالموارد التي قد يحتاجون إليها. لتوفير معلومات قانونية ودقيقة للمهاجرين الذين يهاجرون إلى الولايات المتحدة. يمكن الوصول إلى المعلومات في تطبيق واحد كما تمكن المستخدمين من اختيار لغتهم.",
    "mydoc.back_to_documents": "العودة إلى المستندات",
    "mydoc.saved_documents": "المستندات المحفوظة",
    "navbar.home": "الرئيسية",
    "navbar.login": "تسجيل الدخول",
    "navbar.signup": "سجل",
    "resources.available_resources": "الموارد المتاحة",
    "signup.account": "هل لديك حساب؟",
    "signup.first_name": "الاسم الأول",
    "signup.last_name": "الاسم الأخير"
}