{
    "borough.bronx": "برونكس",
    "borough.brooklyn": "بروكلين",
    "borough.manhattan": "مانهاتن",
    "borough.queens": "كوينز",
    "borough.staten_island": "Staten Island",
    "button.back": "خلف",
    "copyright": "حقوق النشر",
    "favorite.add": "أضف",
    "favorite.add_document": "أضف وثيقة",
    "favorite.available_documents": "المستندات المتاحة",
    "favorite.category": "الفئة",
    "favorite.delete": "حذف",
    "favorite.dmv": "إدارة المرور",
    "favorite.document": "وثيقة",
    "favorite.favorite": "المفضل",
    "favorite.log_out": "تسجيل الخروج",
    "favorite.my_saved_documents": "مستنداتي المحفوظة",
    "favorite.name": "الاسم",
    "favorite.number": "رقم",
    "favorite.print_\/_download": "طباعة \/ تنزيل",
    "favorite.welcome": "أهلاً وسهلاً",
    "food_bank": "بنك الطعام",
    "footer.banking_services": "خدمات البنك",
    "footer.dmv_services": "خدمات DMV",
    "footer.education": "التعليم",
    "footer.faith_based_services": "الخدمات المبنية على الإيمان",
    "footer.food_banks": "بنوك الطعام",
    "footer.government_services": "خدمات الحكومة",
    "footer.healthcare": "الرعاية الصحية",
    "footer.housing": "السكن",
    "footer.jobs": "وظائف",
    "footer.more_categories": "المزيد من الفئات",
    "googlemap.header": "الاماكن المجاورة",
    "home.banking": "خدمات بنكية",
    "home.category": "اختر فئتك",
    "home.dmv": "خدمات DMV",
    "home.education": "تعليم",
    "home.faith": "الخدمات القائمة على الإيمان",
    "home.food_banks": "مخزن طعام",
    "home.government_services": "خدمات حكومية",
    "home.healthcare": "الرعاىة الصحية",
    "home.housing": "السكن",
    "home.jobs": "وظائف",
    "homeless_shelter": "مأوى للمشردين",
    "infoWindow.address": "عنوان",
    "infoWindow.name": "اسم",
    "infoWindow.noDetails": "لا توجد تفاصيل متاحة",
    "infoWindow.openingHours": "ساعات العمل",
    "infoWindow.phone": "هاتف",
    "infoWindow.rating": "تقييم",
    "infoWindow.website": "موقع إلكتروني",
    "infowindow.currently": "حاليا",
    "job_agency": "وكالات التوظيف",
    "landing.city": "موقع",
    "landing.language": "اختر لغتك",
    "language.arabic": "العربية",
    "language.chinese": "صيني",
    "language.english": "الإنجليزية",
    "language.french": "فرنسي",
    "language.hindi": "هندي",
    "language.korean": "كوري",
    "language.russian": "روسي",
    "language.spanish": "الإسبانية",
    "loginpage.account": "ليس لديك حساب؟",
    "loginpage.email": "البريد الإلكتروني",
    "loginpage.enter_login_password": "الرجاء إدخال اسم المستخدم وكلمة المرور الخاصة بك!",
    "loginpage.forgot_password": "نسيت كلمة المرور؟",
    "loginpage.password": "كلمة السر",
    "loginpage.remember_password": "تذكر كلمة المرور",
    "map.bicycling": "ركوب الدراجات",
    "map.bus": "حافلة",
    "map.driving": "القيادة",
    "map.rail": "السكة الحديدية",
    "map.subway": "مترو الأنفاق",
    "map.train": "قطار",
    "map.tram": "ترام",
    "map.transit": "العبور",
    "map.transit_mode": "وضع العبور:",
    "map.travel_mode": "وضع السفر:",
    "map.walking": "المشي",
    "mission_statement": "لإنشاء انتقال سلس للمهاجرين حتى يتمكنوا من الوصول إلى المعلومات التي يحتاجون إليها. عندما يصل المهاجرون لا يكونون على دراية بالموارد التي قد يحتاجون إليها. لتوفير معلومات قانونية ودقيقة للمهاجرين الذين يهاجرون إلى الولايات المتحدة. يمكن الوصول إلى المعلومات في تطبيق واحد كما تمكن المستخدمين من اختيار لغتهم.",
    "mydoc.back_to_documents": "العودة إلى المستندات",
    "mydoc.saved_documents": "المستندات المحفوظة",
    "navbar.home": "الرئيسية",
    "navbar.login": "تسجيل الدخول",
    "navbar.signup": "سجل",
    "resources.available_resources": "الموارد المتاحة",
    "signup.account": "هل لديك حساب؟",
    "signup.first_name": "الاسم الأول",
    "signup.last_name": "الاسم الأخير"
}