{
    "borough.bronx": "برونكس",
    "borough.brooklyn": "بروكلين",
    "borough.manhattan": "مانهاتن",
    "borough.queens": "كوينز",
    "borough.staten_island": "Staten Island",
    "button.back": "خلف",
    "copyright": "حقوق النشر",
    "food_bank": "بنك الطعام",
    "googlemap.header": "الاماكن المجاورة",
    "home.banking": "خدمات بنكية",
    "home.category": "اختر فئتك",
    "home.dmv": "خدمات DMV",
    "home.education": "تعليم",
    "home.faith": "الخدمات القائمة على الإيمان",
    "home.food_banks": "مخزن طعام",
    "home.government_services": "خدمات حكومية",
    "home.healthcare": "الرعاىة الصحية",
    "home.housing": "السكن",
    "home.jobs": "وظائف",
    "homeless_shelter": "مأوى للمشردين",
    "infoWindow.address": "عنوان",
    "infoWindow.name": "اسم",
    "infoWindow.noDetails": "لا توجد تفاصيل متاحة",
    "infoWindow.openingHours": "ساعات العمل",
    "infoWindow.phone": "هاتف",
    "infoWindow.rating": "تقييم",
    "infoWindow.website": "موقع إلكتروني",
    "job_agency": "وكالات التوظيف",
    "landing.city": "اختر موقعك",
    "landing.language": "اختر لغتك",
    "mission_statement": "لإنشاء انتقال سلس للمهاجرين حتى يتمكنوا من الوصول إلى المعلومات التي يحتاجون إليها. عندما يصل المهاجرون لا يكونون على دراية بالموارد التي قد يحتاجون إليها. لتوفير معلومات قانونية ودقيقة للمهاجرين الذين يهاجرون إلى الولايات المتحدة. يمكن الوصول إلى المعلومات في تطبيق واحد كما تمكن المستخدمين من اختيار لغتهم."
}