{
    "borough.bronx": "برونكس",
    "borough.brooklyn": "بروكلين",
    "borough.manhattan": "مانهاتن",
    "borough.queens": "كوينز",
    "borough.staten_island": "Staten Island",
    "button.back": "خلف",
    "food_bank": "بنك الطعام",
    "googlemap.header": "الاماكن المجاورة",
    "homeless_shelter": "مأوى للمشردين",
    "infoWindow.address": "عنوان",
    "infoWindow.name": "اسم",
    "infoWindow.noDetails": "لا توجد تفاصيل متاحة",
    "infoWindow.openingHours": "ساعات العمل",
    "infoWindow.phone": "هاتف",
    "infoWindow.rating": "تقييم",
    "infoWindow.website": "موقع إلكتروني",
    "job_agency": "وكالات التوظيف",
    "landing.city": "اختر موقعك",
    "landing.language": "اختر لغتك"
}