{
    "borough.bronx": "Bronx",
    "borough.brooklyn": "Brooklyn",
    "borough.manhattan": "Manhattan",
    "borough.queens": "Queens",
    "borough.staten_island": "Staten Island",
    "button.back": "Go back",
    "copyright": "Copyright",
    "favorite.category": "Category",
    "favorite.delete": "Delete",
    "favorite.document": "Document",
    "favorite.favorite": "Favorite",
    "favorite.my_documents": "My Documents",
    "favorite.name": "Name",
    "favorite.number": "Number",
    "favorite.print_\/_download": "Print \/ Download",
    "food_bank": "Food Bank",
    "footer.banking_services": "Banking Services",
    "footer.dmv_services": "DMV Services",
    "footer.education": "Education",
    "footer.faith_based_services": "Faith Based Services",
    "footer.food_banks": "Food Banks",
    "footer.government_services": "Government Services",
    "footer.healthcare": "Healthcare",
    "footer.housing": "Housing",
    "footer.jobs": "Jobs",
    "footer.more_categories": "More Categories...",
    "googlemap.header": "Nearby Places",
    "home.banking": "Banking Services",
    "home.category": "Choose your category",
    "home.dmv": "DMV Services",
    "home.education": "Education",
    "home.faith": "Faith Based Services",
    "home.food_banks": "Food Banks",
    "home.government_services": "Government Services",
    "home.healthcare": "Healthcare",
    "home.housing": "Housing",
    "home.jobs": "Jobs",
    "homeless_shelter": "Homeless Shelters",
    "infoWindow.address": "Address",
    "infoWindow.name": "Name",
    "infoWindow.noDetails": "No details available",
    "infoWindow.openingHours": "Opening Hours",
    "infoWindow.phone": "Phone",
    "infoWindow.rating": "Rating",
    "infoWindow.website": "Website",
    "infowindow.currently": "Currently",
    "job_agency": "Job Agencies",
    "landing.city": "Location",
    "landing.language": "Language",
    "language.arabic": "Arabic",
    "language.chinese": "Chinese",
    "language.english": "English",
    "language.french": "French",
    "language.hindi": "Hindi",
    "language.korean": "Korean",
    "language.russian": "Russian",
    "language.spanish": "Spanish",
    "loginpage.account": "Don't have an account?",
    "loginpage.email": "Email",
    "loginpage.enter_login_password": "Please enter your login and password!",
    "loginpage.forgot_password": "Forgot password?",
    "loginpage.password": "Password",
    "loginpage.remember_password": "Remember password",
    "map.bicycling": "Bicycling",
    "map.bus": "Bus",
    "map.driving": "Driving",
    "map.rail": "Rail",
    "map.subway": "Subway",
    "map.train": "Train",
    "map.tram": "Tram",
    "map.transit": "Transit",
    "map.transit_mode": "Transit Mode",
    "map.travel_mode": "Travel Mode",
    "map.walking": "Walking",
    "mission_statement": "To create a seamless transition for immigrants so they can access the information they need. When immigrants arrive they are not aware of the resources they may need. To provide legal and accurate information for immigrants who are immigrating to the U.S. The information is accessible in one app and also enables users to choose their language.",
    "navbar.home": "Home",
    "navbar.login": "Login",
    "navbar.signup": "Signup",
    "signup.account": "Have an account?",
    "signup.first_name": "First Name",
    "signup.last_name": "Last Name"
}