{
    "borough.bronx": "ब्रोंक्स",
    "borough.brooklyn": "ब्रुकलीन",
    "borough.manhattan": "मैनहट्टन",
    "borough.queens": "क्वींस",
    "borough.staten_island": "स्टेटन द्वीप",
    "button.back": "पीछे",
    "copyright": "कॉपीराइट",
    "favorite.available_documents": "उपलब्ध दस्तावेज",
    "favorite.category": "श्रेणी",
    "favorite.delete": "हटाएं",
    "favorite.document": "दस्तावेज़",
    "favorite.favorite": "पसंदीदा",
    "favorite.name": "नाम",
    "favorite.number": "संख्या",
    "favorite.print_\/_download": "प्रिंट \/ डाउनलोड करें",
    "food_bank": "खाद्य बैंक",
    "footer.banking_services": "बैंकिंग सेवाएं",
    "footer.dmv_services": "डीएमवी सेवाएं",
    "footer.education": "शिक्षा",
    "footer.faith_based_services": "धर्म आधारित सेवाएं",
    "footer.food_banks": "खाद्य बैंक",
    "footer.government_services": "सरकारी सेवाएं",
    "footer.healthcare": "स्वास्थ्य सेवा",
    "footer.housing": "आवास",
    "footer.jobs": "नौकरियां",
    "footer.more_categories": "अधिक श्रेणियाँ",
    "googlemap.header": "निकटवर्ती स्थान",
    "home.banking": "बैंकिंग सेवाएं",
    "home.category": "अपनी श्रेणी चुनें",
    "home.dmv": "डीएमवी सेवाएँ",
    "home.education": "शिक्षा",
    "home.faith": "आस्था आधारित सेवाएँ",
    "home.food_banks": "खाद्य बैंक",
    "home.government_services": "शासकीय सेवाएं",
    "home.healthcare": "स्वास्थ्य देखभाल",
    "home.housing": "आवास",
    "home.jobs": "नौकरियां",
    "homeless_shelter": "बेघर आश्रय",
    "infoWindow.address": "पता",
    "infoWindow.name": "नाम",
    "infoWindow.noDetails": "कोई विवरण उपलब्ध नहीं है",
    "infoWindow.openingHours": "खुलने का समय",
    "infoWindow.phone": "फ़ोन",
    "infoWindow.rating": "रेटिंग",
    "infoWindow.website": "वेबसाइट",
    "infowindow.currently": "वर्तमान में",
    "job_agency": "नौकरी एजेंसियां",
    "landing.city": "जगह",
    "landing.language": "भाषा",
    "language.arabic": "अरबी",
    "language.chinese": "चीनी",
    "language.english": "अंग्रेजी",
    "language.french": "फ्रेंच",
    "language.hindi": "हिंदी",
    "language.korean": "कोरियाई",
    "language.russian": "रूसी",
    "language.spanish": "स्पेनिश",
    "loginpage.account": "क्या आपका खाता नहीं है?",
    "loginpage.email": "ईमेल",
    "loginpage.enter_login_password": "कृपया अपना लॉगिन और पासवर्ड दर्ज करें!",
    "loginpage.forgot_password": "पासवर्ड भूल गए?",
    "loginpage.password": "पासवर्ड",
    "loginpage.remember_password": "पासवर्ड याद रखें",
    "map.bicycling": "साइकिल चलाना",
    "map.bus": "बस",
    "map.driving": "ड्राइविंग",
    "map.rail": "रेल",
    "map.subway": "सबवे",
    "map.train": "ट्रेन",
    "map.tram": "ट्राम",
    "map.transit": "ट्रांजिट",
    "map.transit_mode": "ट्रांजिट मोड:",
    "map.travel_mode": "यात्रा मोड:",
    "map.walking": "चलना",
    "mission_statement": "आप्रवासियों के लिए एक निर्बाध परिवर्तन बनाना ताकि वे अपनी आवश्यक जानकारी तक पहुंच सकें। जब आप्रवासी आते हैं तो उन्हें उन संसाधनों की जानकारी नहीं होती जिनकी उन्हें आवश्यकता हो सकती है। अमेरिका में प्रवास करने वाले आप्रवासियों के लिए कानूनी और सटीक जानकारी प्रदान करने के लिए जानकारी एक ऐप में उपलब्ध है और उपयोगकर्ताओं को अपनी भाषा चुनने में भी सक्षम बनाती है।",
    "navbar.home": "घर",
    "navbar.login": "लॉगिन",
    "navbar.signup": "साइनअप",
    "signup.account": "क्या आपका खाता है?",
    "signup.first_name": "पहला नाम",
    "signup.last_name": "उपनाम"
}