{
    "all.back": "वापस",
    "all.click_on_the_marker_to_view_place_details": "स्थान विवरण देखने के लिए मार्कर पर क्लिक करें",
    "all.load_more": "और अधिक लोड करें",
    "bank.banking_services": "बैंकिंग सेवाएं",
    "borough.bronx": "ब्रोंक्स",
    "borough.brooklyn": "ब्रुकलीन",
    "borough.manhattan": "मैनहट्टन",
    "borough.queens": "क्वींस",
    "borough.staten_island": "स्टेटन द्वीप",
    "button.back": "पीछे",
    "card.bank": "उपयोगकर्ता के निकट स्थित बैंकों की सूची उस स्थान की जानकारी सहित दी जाएगी। उपयोगकर्ता सूचीबद्ध स्थान तक पहुंचने के लिए परिवहन के प्रकार का चयन भी कर सकेंगे और उस स्थान तक के दिशा-निर्देश भी देख सकेंगे।",
    "card.banking": "बैंकिंग",
    "card.dmv": "उपयोगकर्ता के निकट स्थित DMV की सूची बनाई जाएगी, जिसमें उस स्थान की जानकारी शामिल होगी। उपयोगकर्ता सूचीबद्ध स्थान तक पहुंचने के लिए परिवहन का प्रकार चुन सकेंगे और उस स्थान तक के दिशा-निर्देश भी देख सकेंगे।",
    "card.dmvservice": "DMV",
    "card.edu": "शिक्षा",
    "card.education": "उपयोगकर्ता के निकट स्थित स्कूल सूचीबद्ध होंगे, जिसमें उस स्थान की जानकारी भी शामिल होगी। उपयोगकर्ता सूचीबद्ध स्थान तक पहुंचने के लिए परिवहन का प्रकार भी चुन सकेंगे और उस स्थान तक के दिशा-निर्देश भी देख सकेंगे।",
    "card.faith": "उपयोगकर्ता के पास स्थित पूजा स्थलों की सूची उस स्थान की जानकारी सहित दी जाएगी। उपयोगकर्ता सूचीबद्ध स्थान तक पहुंचने के लिए परिवहन के प्रकार का चयन भी कर सकेंगे और उस स्थान तक के दिशा-निर्देश भी देख सकेंगे।",
    "card.food": "उपयोगकर्ता के निकट स्थित खाद्य बैंक सूचीबद्ध होंगे, जिसमें उस स्थान की जानकारी शामिल होगी। उपयोगकर्ता सूचीबद्ध स्थान तक पहुंचने के लिए परिवहन के प्रकार का चयन कर सकेंगे और उस स्थान तक के दिशा-निर्देश भी देख सकेंगे।",
    "card.government": "सरकारी सेवाएं जो उपयोगकर्ता के निकट स्थित होती हैं, उनकी सूची बनाई जाएगी, जिसमें उस स्थान की जानकारी भी शामिल होगी। उपयोगकर्ता सूचीबद्ध स्थान तक पहुंचने के लिए परिवहन का प्रकार भी चुन सकेंगे और उस स्थान तक के दिशा-निर्देश भी देख सकेंगे।",
    "card.healthcare": "उपयोगकर्ता के निकट स्थित स्वास्थ्य सेवाएं सूचीबद्ध होंगी, जिसमें उस स्थान की जानकारी भी शामिल होगी। उपयोगकर्ता सूचीबद्ध स्थान तक पहुंचने के लिए परिवहन का प्रकार भी चुन सकेंगे और उस स्थान तक के दिशा-निर्देश भी देख सकेंगे।",
    "card.housing": "उपयोगकर्ता के निकट स्थित बेघर आश्रय स्थलों की सूची उस स्थान की जानकारी सहित दी जाएगी। उपयोगकर्ता सूचीबद्ध स्थान तक पहुंचने के लिए परिवहन का प्रकार भी चुन सकेंगे और उस स्थान तक के दिशा-निर्देश भी देख सकेंगे।",
    "card.jobs": "उपयोगकर्ता के निकट स्थित नौकरी सेवाएं सूचीबद्ध होंगी, जिसमें उस स्थान की जानकारी भी शामिल होगी। उपयोगकर्ता सूचीबद्ध स्थान तक पहुंचने के लिए परिवहन के प्रकार का चयन भी कर सकेंगे और उस स्थान तक के दिशा-निर्देश भी देख सकेंगे।",
    "card.worship": "पूजा स्थल",
    "copyright": "कॉपीराइट",
    "directions.Take_the_ramp_to": "रैम्प की ओर जाएं",
    "directions.continue_on": "जारी रखें",
    "directions.continue_onto": "जारी रखें",
    "directions.continue_straight": "सीधे जारी रखें",
    "directions.continue_straight_onto": "सीधे जारी रखें",
    "directions.destination_will_be_on_the_left": "गंतव्य स्थल बाएं होगा",
    "directions.destination_will_be_on_the_right": "गंतव्य दाईं ओर होगा",
    "directions.directions": "दिशानिर्देश",
    "directions.distance": "दूरी",
    "directions.drive_to": "चलाएं",
    "directions.duration": "अवधि",
    "directions.exit": "निकास",
    "directions.follow": "अनुसरण करें",
    "directions.follow_signs": "संकेतों का पालन करें",
    "directions.get_directions": "दिशा निर्देश प्राप्त करें",
    "directions.head_east": "पूर्व की ओर जाएं",
    "directions.head_east_on": "पूर्व की ओर जाएं",
    "directions.head_north": "उत्तर की ओर जाएं",
    "directions.head_north_on": "उत्तर की ओर जाएं",
    "directions.head_north_toward": "उत्तर की ओर जाएं",
    "directions.head_south": "दक्षिण की ओर जाएं",
    "directions.head_south_on": "दक्षिण की ओर जाएं",
    "directions.head_west": "पश्चिम की ओर जाएं",
    "directions.head_west_on": "पश्चिम की ओर जाएं",
    "directions.keep_left": "बाएं रखें",
    "directions.keep_left_to_continue_on": "बाएं रखें जारी रखने के लिए",
    "directions.keep_left_to_stay": "बाएं रहने के लिए",
    "directions.keep_right": "दाएं रखें",
    "directions.keep_right_to_continue_on": "जारी रखने के लिए दाएं रखें",
    "directions.keep_right_to_stay": "दाएं रहने के लिए",
    "directions.lanes_to_merge_onto": "मिलने के लिए लेन",
    "directions.merge_onto": "मिलाएं",
    "directions.slight_left_onto": "बाईं ओर हल्का मोड़ लें",
    "directions.slight_right_onto": "हल्का दाएं मोड़ें",
    "directions.step": "कदम",
    "directions.take_exit": "निकास लें",
    "directions.to_stay_on": "बने रहने के लिए",
    "directions.toward": "की ओर",
    "directions.towards": "की ओर",
    "directions.turn_left_at_the": "बाएं मुड़ें",
    "directions.turn_left_onto": "बाएं मुड़ें",
    "directions.turn_left_to_merge": "मर्ज करने के लिए बाएं मुड़ें",
    "directions.turn_left_to_merge_onto": "बाएं मुड़ें ताकि मिल जाए",
    "directions.turn_left_towards": "बाएं मोड़ें की ओर",
    "directions.turn_right_at_the": "दाईं ओर मुड़ें",
    "directions.turn_right_onto": "दाएं मुड़ें",
    "directions.turn_right_to_merge": "मिलने के लिए दाएं मुड़ें",
    "directions.turn_right_to_merge_onto": "मिलने के लिए दाएं मुड़ें",
    "directions.turn_right_toward": "दाएं मोड़ें की ओर",
    "directions.turn_right_towards": "दाएं मोड़ें की ओर",
    "directions.turns_slightly_left_and_becomes": "थोड़ा बाएं मुड़ता है और बन जाता है",
    "directions.turns_slightly_right_and_becomes": "थोड़ा दाएं मुड़ता है और बन जाता है",
    "directions.use_any_lane_to_take": "किसी भी लेन का उपयोग करें",
    "directions.use_the_right": "सही का उपयोग करें",
    "directions.walk_to": "चलिए",
    "dmv.dmv": "डीएमवी सेवाएं",
    "education.education_services": "शिक्षा सेवाएं",
    "faith.religous_services": "धार्मिक सेवाएं",
    "favorite.add": "जोड़ें",
    "favorite.add_document": "दस्तावेज़ जोड़ें",
    "favorite.available_documents": "उपलब्ध दस्तावेज",
    "favorite.category": "श्रेणी",
    "favorite.delete": "हटाएं",
    "favorite.dmv": "डीएमवी",
    "favorite.document": "दस्तावेज़",
    "favorite.favorite": "पसंदीदा",
    "favorite.log_out": "लॉग आउट",
    "favorite.my_saved_documents": "मेरे सहेजे गए दस्तावेज",
    "favorite.name": "नाम",
    "favorite.number": "संख्या",
    "favorite.print_\/_download": "प्रिंट \/ डाउनलोड करें",
    "favorite.welcome": "स्वागत है",
    "food.food_banks": "खाद्य बैंक",
    "food_bank": "खाद्य बैंक",
    "footer.banking_services": "बैंकिंग सेवाएं",
    "footer.dmv_services": "डीएमवी सेवाएं",
    "footer.education": "शिक्षा",
    "footer.faith_based_services": "धर्म आधारित सेवाएं",
    "footer.food_banks": "खाद्य बैंक",
    "footer.government_services": "सरकारी सेवाएं",
    "footer.healthcare": "स्वास्थ्य सेवा",
    "footer.housing": "आवास",
    "footer.jobs": "नौकरियां",
    "footer.more_categories": "अधिक श्रेणियाँ",
    "googlemap.header": "निकटवर्ती स्थान",
    "government.government_services": "सरकारी सेवाएं",
    "health.healthcare": "स्वास्थ्य सेवा",
    "home.banking": "बैंकिंग सेवाएं",
    "home.category": "अपनी श्रेणी चुनें",
    "home.dmv": "डीएमवी सेवाएँ",
    "home.education": "शिक्षा",
    "home.faith": "आस्था आधारित सेवाएँ",
    "home.food_banks": "खाद्य बैंक",
    "home.government_services": "शासकीय सेवाएं",
    "home.healthcare": "स्वास्थ्य देखभाल",
    "home.housing": "आवास",
    "home.jobs": "नौकरियां",
    "homeless_shelter": "बेघर आश्रय",
    "housing.homeless_shelter": "बेघर आश्रय",
    "infoWindow.address": "पता",
    "infoWindow.name": "नाम",
    "infoWindow.noDetails": "कोई विवरण उपलब्ध नहीं है",
    "infoWindow.openingHours": "खुलने का समय",
    "infoWindow.phone": "फ़ोन",
    "infoWindow.rating": "रेटिंग",
    "infoWindow.website": "वेबसाइट",
    "infowindow.currently": "वर्तमान में",
    "job_agency": "नौकरी एजेंसियां",
    "jobs.job_agencies": "नौकरी एजेंसियां",
    "landing.city": "जगह",
    "landing.language": "भाषा",
    "language.arabic": "अरबी",
    "language.chinese": "चीनी",
    "language.english": "अंग्रेजी",
    "language.french": "फ्रेंच",
    "language.hindi": "हिंदी",
    "language.korean": "कोरियाई",
    "language.russian": "रूसी",
    "language.spanish": "स्पेनिश",
    "loginpage.account": "क्या आपका खाता नहीं है?",
    "loginpage.email": "ईमेल",
    "loginpage.enter_login_password": "कृपया अपना लॉगिन और पासवर्ड दर्ज करें!",
    "loginpage.forgot_password": "पासवर्ड भूल गए?",
    "loginpage.password": "पासवर्ड",
    "loginpage.remember_password": "पासवर्ड याद रखें",
    "map.bicycling": "साइकिल चलाना",
    "map.bus": "बस",
    "map.driving": "ड्राइविंग",
    "map.hide_details": "विवरण छुपाएं",
    "map.rail": "रेल",
    "map.show_details": "विवरण दिखाएं",
    "map.subway": "सबवे",
    "map.train": "ट्रेन",
    "map.tram": "ट्राम",
    "map.transit": "ट्रांजिट",
    "map.transit_mode": "ट्रांजिट मोड:",
    "map.travel_mode": "यात्रा मोड:",
    "map.walking": "चलना",
    "mission_statement": "आप्रवासियों के लिए एक निर्बाध परिवर्तन बनाना ताकि वे अपनी आवश्यक जानकारी तक पहुंच सकें। जब आप्रवासी आते हैं तो उन्हें उन संसाधनों की जानकारी नहीं होती जिनकी उन्हें आवश्यकता हो सकती है। अमेरिका में प्रवास करने वाले आप्रवासियों के लिए कानूनी और सटीक जानकारी प्रदान करने के लिए जानकारी एक ऐप में उपलब्ध है और उपयोगकर्ताओं को अपनी भाषा चुनने में भी सक्षम बनाती है।",
    "mydoc.back_to_documents": "दस्तावेज़ों पर वापस जाएं",
    "mydoc.saved_documents": "सहेजे गए दस्तावेज",
    "navbar.home": "घर",
    "navbar.login": "लॉगिन",
    "navbar.signup": "साइनअप",
    "resources.available_resources": "उपलब्ध संसाधन",
    "signup.account": "क्या आपका खाता है?",
    "signup.first_name": "पहला नाम",
    "signup.last_name": "उपनाम"
}