{
    "all.back": "",
    "all.click_on_the_marker_to_view_place_details": "",
    "all.load_more": "",
    "bank.banking_services": "",
    "borough.bronx": "",
    "borough.brooklyn": "",
    "borough.manhattan": "",
    "borough.queens": "",
    "borough.staten_island": "",
    "button.back": "",
    "card.bank": "",
    "card.banking": "",
    "card.dmv": "",
    "card.dmvservice": "",
    "card.edu": "",
    "card.education": "",
    "card.faith": "",
    "card.food": "",
    "card.government": "",
    "card.healthcare": "",
    "card.housing": "",
    "card.jobs": "",
    "card.worship": "",
    "copyright": "",
    "directions.Take_the_ramp_to": "",
    "directions.continue_on": "",
    "directions.continue_onto": "",
    "directions.continue_straight": "",
    "directions.continue_straight_onto": "",
    "directions.destination_will_be_on_the_left": "",
    "directions.destination_will_be_on_the_right": "",
    "directions.drive_to": "",
    "directions.exit": "",
    "directions.follow": "",
    "directions.follow_signs": "",
    "directions.head_east": "",
    "directions.head_east_on": "",
    "directions.head_north": "",
    "directions.head_north_on": "",
    "directions.head_north_toward": "",
    "directions.head_south": "",
    "directions.head_south_on": "",
    "directions.head_west": "",
    "directions.head_west_on": "",
    "directions.keep_left": "",
    "directions.keep_left_to_continue_on": "",
    "directions.keep_left_to_stay": "",
    "directions.keep_right": "",
    "directions.keep_right_to_continue_on": "",
    "directions.keep_right_to_stay": "",
    "directions.lanes_to_merge_onto": "",
    "directions.merge_onto": "",
    "directions.slight_left_onto": "",
    "directions.slight_right_onto": "",
    "directions.take_exit": "",
    "directions.to_stay_on": "",
    "directions.toward": "",
    "directions.towards": "",
    "directions.turn_left_at_the": "",
    "directions.turn_left_onto": "",
    "directions.turn_left_to_merge": "",
    "directions.turn_left_to_merge_onto": "",
    "directions.turn_left_towards": "",
    "directions.turn_right_at_the": "",
    "directions.turn_right_onto": "",
    "directions.turn_right_to_merge": "",
    "directions.turn_right_to_merge_onto": "",
    "directions.turn_right_toward": "",
    "directions.turn_right_towards": "",
    "directions.turns_slightly_left_and_becomes": "",
    "directions.turns_slightly_right_and_becomes": "",
    "directions.use_any_lane_to_take": "",
    "directions.use_the_right": "",
    "dmv.dmv": "",
    "education.education_services": "",
    "faith.religous_services": "",
    "favorite.add": "",
    "favorite.add_document": "",
    "favorite.available_documents": "",
    "favorite.category": "",
    "favorite.delete": "",
    "favorite.dmv": "",
    "favorite.document": "",
    "favorite.favorite": "",
    "favorite.log_out": "",
    "favorite.my_saved_documents": "",
    "favorite.name": "",
    "favorite.number": "",
    "favorite.print_\/_download": "",
    "favorite.welcome": "",
    "food.food_banks": "",
    "food_bank": "",
    "footer.banking_services": "",
    "footer.dmv_services": "",
    "footer.education": "Education",
    "footer.faith_based_services": "",
    "footer.food_banks": "",
    "footer.government_services": "",
    "footer.healthcare": "",
    "footer.housing": "",
    "footer.jobs": "Jobs",
    "footer.more_categories": "",
    "googlemap.header": "",
    "government.government_services": "",
    "health.healthcare": "",
    "home.banking": "",
    "home.category": "",
    "home.dmv": "",
    "home.education": "",
    "home.faith": "",
    "home.food_banks": "",
    "home.government_services": "",
    "home.healthcare": "",
    "home.housing": "",
    "home.jobs": "",
    "homeless_shelter": "",
    "housing.homeless_shelter": "",
    "infoWindow.address": "",
    "infoWindow.name": "",
    "infoWindow.noDetails": "",
    "infoWindow.openingHours": "",
    "infoWindow.phone": "",
    "infoWindow.rating": "",
    "infoWindow.website": "",
    "infowindow.currently": "",
    "job_agency": "",
    "jobs.job_agencies": "",
    "landing.city": "",
    "landing.language": "",
    "language.arabic": "",
    "language.chinese": "",
    "language.english": "",
    "language.french": "",
    "language.hindi": "",
    "language.korean": "",
    "language.russian": "",
    "language.spanish": "",
    "loginpage.account": "",
    "loginpage.email": "",
    "loginpage.enter_login_password": "",
    "loginpage.forgot_password": "",
    "loginpage.password": "",
    "loginpage.remember_password": "",
    "map.bicycling": "",
    "map.bus": "",
    "map.driving": "",
    "map.hide_details": "",
    "map.rail": "",
    "map.subway": "",
    "map.train": "",
    "map.tram": "",
    "map.transit": "",
    "map.transit_mode": "",
    "map.travel_mode": "",
    "map.walking": "",
    "mission_statement": "",
    "mydoc.back_to_documents": "Back To Documents",
    "mydoc.saved_documents": "",
    "navbar.home": "",
    "navbar.login": "",
    "navbar.signup": "",
    "resources.available_resources": "",
    "signup.account": "",
    "signup.first_name": "",
    "signup.last_name": ""
}