{
    "all.back": "",
    "all.click_on_the_marker_to_view_place_details": "",
    "all.load_more": "",
    "bank.banking_services": "",
    "borough.bronx": "",
    "borough.brooklyn": "",
    "borough.manhattan": "",
    "borough.queens": "",
    "borough.staten_island": "",
    "button.back": "",
    "copyright": "",
    "education.education_services": "",
    "faith.religous_services": "",
    "favorite.add": "",
    "favorite.add_document": "",
    "favorite.available_documents": "",
    "favorite.category": "",
    "favorite.delete": "",
    "favorite.dmv": "",
    "favorite.document": "",
    "favorite.favorite": "",
    "favorite.log_out": "",
    "favorite.my_saved_documents": "",
    "favorite.name": "",
    "favorite.number": "",
    "favorite.print_\/_download": "",
    "favorite.welcome": "",
    "food.food_banks": "",
    "food_bank": "",
    "footer.banking_services": "",
    "footer.dmv_services": "",
    "footer.education": "Education",
    "footer.faith_based_services": "",
    "footer.food_banks": "",
    "footer.government_services": "",
    "footer.healthcare": "",
    "footer.housing": "",
    "footer.jobs": "Jobs",
    "footer.more_categories": "",
    "googlemap.header": "",
    "government.government_services": "",
    "health.healthcare": "",
    "home.banking": "",
    "home.category": "",
    "home.dmv": "",
    "home.education": "",
    "home.faith": "",
    "home.food_banks": "",
    "home.government_services": "",
    "home.healthcare": "",
    "home.housing": "",
    "home.jobs": "",
    "homeless_shelter": "",
    "housing.homeless_shelter": "",
    "infoWindow.address": "",
    "infoWindow.name": "",
    "infoWindow.noDetails": "",
    "infoWindow.openingHours": "",
    "infoWindow.phone": "",
    "infoWindow.rating": "",
    "infoWindow.website": "",
    "infowindow.currently": "",
    "job_agency": "",
    "jobs.job_agencies": "",
    "landing.city": "",
    "landing.language": "",
    "language.arabic": "",
    "language.chinese": "",
    "language.english": "",
    "language.french": "",
    "language.hindi": "",
    "language.korean": "",
    "language.russian": "",
    "language.spanish": "",
    "loginpage.account": "",
    "loginpage.email": "",
    "loginpage.enter_login_password": "",
    "loginpage.forgot_password": "",
    "loginpage.password": "",
    "loginpage.remember_password": "",
    "map.bicycling": "",
    "map.bus": "",
    "map.driving": "",
    "map.hide_details": "",
    "map.rail": "",
    "map.subway": "",
    "map.train": "",
    "map.tram": "",
    "map.transit": "",
    "map.transit_mode": "",
    "map.travel_mode": "",
    "map.walking": "",
    "mission_statement": "",
    "mydoc.back_to_documents": "Back To Documents",
    "mydoc.saved_documents": "",
    "navbar.home": "",
    "navbar.login": "",
    "navbar.signup": "",
    "resources.available_resources": "",
    "signup.account": "",
    "signup.first_name": "",
    "signup.last_name": ""
}