{
    "borough.bronx": "",
    "borough.brooklyn": "",
    "borough.manhattan": "",
    "borough.queens": "",
    "borough.staten_island": "",
    "button.back": "",
    "copyright": "",
    "food_bank": "",
    "googlemap.header": "",
    "home.banking": "",
    "home.category": "",
    "home.dmv": "",
    "home.education": "",
    "home.faith": "",
    "home.food_banks": "",
    "home.government_services": "",
    "home.healthcare": "",
    "home.housing": "",
    "home.jobs": "",
    "homeless_shelter": "",
    "infoWindow.address": "",
    "infoWindow.name": "",
    "infoWindow.noDetails": "",
    "infoWindow.openingHours": "",
    "infoWindow.phone": "",
    "infoWindow.rating": "",
    "infoWindow.website": "",
    "job_agency": "",
    "landing.city": "",
    "landing.language": "",
    "mission_statement": ""
}