{
    "borough.bronx": "",
    "borough.brooklyn": "",
    "borough.manhattan": "",
    "borough.queens": "",
    "borough.staten_island": "",
    "button.back": "",
    "copyright": "",
    "favorite.category": "",
    "favorite.delete": "",
    "favorite.document": "",
    "favorite.favorite": "",
    "favorite.my_documents": "",
    "favorite.name": "",
    "favorite.number": "",
    "favorite.print_\/_download": "",
    "food_bank": "",
    "footer.banking_services": "",
    "footer.dmv_services": "",
    "footer.education": "Education",
    "footer.faith_based_services": "",
    "footer.food_banks": "",
    "footer.government_services": "",
    "footer.healthcare": "",
    "footer.housing": "",
    "footer.jobs": "Jobs",
    "footer.more_categories": "",
    "googlemap.header": "",
    "home.banking": "",
    "home.category": "",
    "home.dmv": "",
    "home.education": "",
    "home.faith": "",
    "home.food_banks": "",
    "home.government_services": "",
    "home.healthcare": "",
    "home.housing": "",
    "home.jobs": "",
    "homeless_shelter": "",
    "infoWindow.address": "",
    "infoWindow.name": "",
    "infoWindow.noDetails": "",
    "infoWindow.openingHours": "",
    "infoWindow.phone": "",
    "infoWindow.rating": "",
    "infoWindow.website": "",
    "job_agency": "",
    "landing.city": "",
    "landing.language": "",
    "loginpage.account": "",
    "loginpage.email": "",
    "loginpage.enter_login_password": "",
    "loginpage.forgot_password": "",
    "loginpage.password": "",
    "loginpage.remember_password": "",
    "map.bicycling": "",
    "map.bus": "",
    "map.driving": "",
    "map.rail": "",
    "map.subway": "",
    "map.train": "",
    "map.tram": "",
    "map.transit": "",
    "map.transit_mode": "",
    "map.travel_mode": "",
    "map.walking": "",
    "mission_statement": "",
    "navbar.home": "",
    "navbar.login": "",
    "navbar.signup": "",
    "signup.account": "",
    "signup.first_name": "",
    "signup.last_name": ""
}