{
    "borough.bronx": "",
    "borough.brooklyn": "",
    "borough.manhattan": "",
    "borough.queens": "",
    "borough.staten_island": "",
    "button.back": "",
    "food_bank": "",
    "googlemap.header": "",
    "homeless_shelter": "",
    "infoWindow.address": "",
    "infoWindow.name": "",
    "infoWindow.noDetails": "",
    "infoWindow.openingHours": "",
    "infoWindow.phone": "",
    "infoWindow.rating": "",
    "infoWindow.website": "",
    "job_agency": "",
    "landing.city": "",
    "landing.language": ""
}