{
    "borough.bronx": "Bronx",
    "borough.brooklyn": "Brooklyn",
    "borough.manhattan": "Manhattan",
    "borough.queens": "Queens",
    "borough.staten_island": "Staten Island",
    "button.back": "Atrás",
    "copyright": "Derechos de autor",
    "favorite.category": "Categoría",
    "favorite.delete": "Eliminar",
    "favorite.document": "Documento",
    "favorite.favorite": "Favorito",
    "favorite.my_documents": "Mis Documentos",
    "favorite.name": "Nombre",
    "favorite.number": "Número",
    "favorite.print_\/_download": "Imprimir \/ Descargar",
    "food_bank": "Banco de comida",
    "footer.banking_services": "Servicios Bancarios",
    "footer.dmv_services": "Servicios del DMV",
    "footer.education": "Educación",
    "footer.faith_based_services": "Servicios Basados en la Fe",
    "footer.food_banks": "Bancos de Alimentos",
    "footer.government_services": "Servicios Gubernamentales",
    "footer.healthcare": "Atención sanitaria",
    "footer.housing": "Vivienda",
    "footer.jobs": "Trabajos",
    "footer.more_categories": "Más Categorías",
    "googlemap.header": "Lugares cercanos",
    "home.banking": "Servicios bancarios",
    "home.category": "Elige tu categoría",
    "home.dmv": "Servicios del DMV",
    "home.education": "Educación",
    "home.faith": "Servicios basados en la fe",
    "home.food_banks": "Banco de comida",
    "home.government_services": "Servicios gubernamentales",
    "home.healthcare": "Cuidado de la salud",
    "home.housing": "Alojamiento",
    "home.jobs": "Trabajos",
    "homeless_shelter": "Refugios para desamparados",
    "infoWindow.address": "DIRECCIÓN",
    "infoWindow.name": "Nombre",
    "infoWindow.noDetails": "No hay detalles disponibles",
    "infoWindow.openingHours": "Horario de apertura",
    "infoWindow.phone": "Teléfono",
    "infoWindow.rating": "Clasificación",
    "infoWindow.website": "Sitio web",
    "job_agency": "Agencias de Empleo",
    "landing.city": "Elija su ubicación",
    "landing.language": "Elige tu idioma",
    "loginpage.account": "¿No tienes una cuenta?",
    "loginpage.email": "Correo electrónico",
    "loginpage.enter_login_password": "¡Por favor ingrese su nombre de usuario y contraseña!",
    "loginpage.forgot_password": "¿Olvidó la contraseña?",
    "loginpage.password": "Contraseña",
    "loginpage.remember_password": "Recordar contraseña",
    "map.bicycling": "Andar en bicicleta",
    "map.bus": "Autobús",
    "map.driving": "Conduciendo",
    "map.rail": "Vía",
    "map.subway": "Subway",
    "map.train": "Tren",
    "map.tram": "Tranvía",
    "map.transit": "Tránsito",
    "map.transit_mode": "Modo de Tránsito:",
    "map.travel_mode": "Modo de Viaje:",
    "map.walking": "Caminando",
    "mission_statement": "Crear una transición fluida para que los inmigrantes puedan acceder a la información que necesitan. Cuando llegan los inmigrantes no son conscientes de los recursos que pueden necesitar. Proporcionar información legal y precisa a los inmigrantes que emigran a los EE. UU. Se puede acceder a la información en una aplicación y también permite a los usuarios elegir su idioma.",
    "navbar.home": "Hogar",
    "navbar.login": "Iniciar sesión",
    "navbar.signup": "Registrarse",
    "signup.account": "¿Tiene una cuenta?",
    "signup.first_name": "Nombre",
    "signup.last_name": "Apellido"
}