{
    "borough.bronx": "Bronx",
    "borough.brooklyn": "Brooklyn",
    "borough.manhattan": "Manhattan",
    "borough.queens": "Queens",
    "borough.staten_island": "Staten Island",
    "button.back": "Atrás",
    "copyright": "Derechos de autor",
    "food_bank": "Banco de comida",
    "googlemap.header": "Lugares cercanos",
    "home.banking": "Servicios bancarios",
    "home.category": "Elige tu categoría",
    "home.dmv": "Servicios del DMV",
    "home.education": "Educación",
    "home.faith": "Servicios basados en la fe",
    "home.food_banks": "Banco de comida",
    "home.government_services": "Servicios gubernamentales",
    "home.healthcare": "Cuidado de la salud",
    "home.housing": "Alojamiento",
    "home.jobs": "Trabajos",
    "homeless_shelter": "Refugios para desamparados",
    "infoWindow.address": "DIRECCIÓN",
    "infoWindow.name": "Nombre",
    "infoWindow.noDetails": "No hay detalles disponibles",
    "infoWindow.openingHours": "Horario de apertura",
    "infoWindow.phone": "Teléfono",
    "infoWindow.rating": "Clasificación",
    "infoWindow.website": "Sitio web",
    "job_agency": "Agencias de Empleo",
    "landing.city": "Elija su ubicación",
    "landing.language": "Elige tu idioma",
    "mission_statement": "Crear una transición fluida para que los inmigrantes puedan acceder a la información que necesitan. Cuando llegan los inmigrantes no son conscientes de los recursos que pueden necesitar. Proporcionar información legal y precisa a los inmigrantes que emigran a los EE. UU. Se puede acceder a la información en una aplicación y también permite a los usuarios elegir su idioma."
}