{
    "borough.bronx": "Bronx",
    "borough.brooklyn": "Brooklyn",
    "borough.manhattan": "Manhattan",
    "borough.queens": "Queens",
    "borough.staten_island": "Staten Island",
    "button.back": "Atrás",
    "food_bank": "Banco de comida",
    "googlemap.header": "Lugares cercanos",
    "homeless_shelter": "Refugios para desamparados",
    "infoWindow.address": "DIRECCIÓN",
    "infoWindow.name": "Nombre",
    "infoWindow.noDetails": "No hay detalles disponibles",
    "infoWindow.openingHours": "Horario de apertura",
    "infoWindow.phone": "Teléfono",
    "infoWindow.rating": "Clasificación",
    "infoWindow.website": "Sitio web",
    "job_agency": "Agencias de Empleo",
    "landing.city": "Elija su ubicación",
    "landing.language": "Elige tu idioma"
}