{
    "all.back": "Atrás",
    "all.click_on_the_marker_to_view_place_details": "Haz clic en el marcador para ver los detalles del lugar",
    "all.load_more": "CARGAR MÁS",
    "bank.banking_services": "Servicios Bancarios",
    "borough.bronx": "Bronx",
    "borough.brooklyn": "Brooklyn",
    "borough.manhattan": "Manhattan",
    "borough.queens": "Queens",
    "borough.staten_island": "Staten Island",
    "button.back": "Atrás",
    "copyright": "Derechos de autor",
    "directions.Take_the_ramp_to": "Toma la rampa hacia",
    "directions.continue_on": "continúa",
    "directions.continue_onto": "Continúa hacia",
    "directions.continue_straight": "continúa recto",
    "directions.continue_straight_onto": "continúa recto hacia",
    "directions.destination_will_be_on_the_left": "El destino estará a la izquierda",
    "directions.destination_will_be_on_the_right": "El destino estará a la derecha",
    "directions.drive_to": "Conduce a",
    "directions.exit": "salida",
    "directions.follow": "seguir",
    "directions.follow_signs": "sigue las señales",
    "directions.head_east": "Dirígete al este",
    "directions.head_east_on": "Dirígete hacia el este en",
    "directions.head_north": "Dirígete al norte",
    "directions.head_north_on": "Dirígete hacia el norte en",
    "directions.head_north_toward": "Dirígete hacia el norte",
    "directions.head_south": "Dirígete al sur",
    "directions.head_south_on": "Dirígete hacia el sur en",
    "directions.head_west": "Dirígete al oeste",
    "directions.head_west_on": "Dirígete hacia el oeste en",
    "directions.keep_left": "Manténgase a la izquierda",
    "directions.keep_left_to_continue_on": "Manténgase a la izquierda para continuar",
    "directions.keep_left_to_stay": "Manténgase a la izquierda para quedarse",
    "directions.keep_right": "Manténgase a la derecha",
    "directions.keep_right_to_continue_on": "Manténgase a la derecha para continuar",
    "directions.keep_right_to_stay": "Manténgase a la derecha para continuar",
    "directions.lanes_to_merge_onto": "carriles para incorporarse",
    "directions.merge_onto": "Incorpórate a",
    "directions.slight_left_onto": "Gira ligeramente a la izquierda en",
    "directions.slight_right_onto": "Gira ligeramente a la derecha en",
    "directions.take_exit": "toma la salida",
    "directions.to_stay_on": "Para permanecer en",
    "directions.toward": "hacia",
    "directions.towards": "hacia",
    "directions.turn_left_at_the": "Gira a la izquierda en el",
    "directions.turn_left_onto": "Gira a la izquierda en",
    "directions.turn_left_to_merge": "Gira a la izquierda para incorporarte",
    "directions.turn_left_to_merge_onto": "Gira a la izquierda para incorporarte a",
    "directions.turn_left_towards": "Gire a la izquierda hacia",
    "directions.turn_right_at_the": "Gira a la derecha en el",
    "directions.turn_right_onto": "Gira a la derecha en",
    "directions.turn_right_to_merge": "Gire a la derecha para incorporarse",
    "directions.turn_right_to_merge_onto": "Gira a la derecha para incorporarte a",
    "directions.turn_right_toward": "Gira a la derecha hacia",
    "directions.turn_right_towards": "Gire a la derecha hacia",
    "directions.turns_slightly_left_and_becomes": "gira ligeramente a la izquierda y se convierte en",
    "directions.turns_slightly_right_and_becomes": "gira ligeramente a la derecha y se convierte en",
    "directions.use_any_lane_to_take": "Use cualquier carril para tomar",
    "directions.use_the_right": "Usa la derecha",
    "education.education_services": "Servicios de Educación",
    "faith.religous_services": "Servicios Religiosos",
    "favorite.add": "Añadir",
    "favorite.add_document": "Agregar Documento",
    "favorite.available_documents": "Documentos Disponibles",
    "favorite.category": "Categoría",
    "favorite.delete": "Eliminar",
    "favorite.dmv": "",
    "favorite.document": "Documento",
    "favorite.favorite": "Favorito",
    "favorite.log_out": "Cerrar sesión",
    "favorite.my_saved_documents": "Mis Documentos Guardados",
    "favorite.name": "Nombre",
    "favorite.number": "Número",
    "favorite.print_\/_download": "Imprimir \/ Descargar",
    "favorite.welcome": "Bienvenido",
    "food.food_banks": "Bancos de Alimentos",
    "food_bank": "Banco de comida",
    "footer.banking_services": "Servicios Bancarios",
    "footer.dmv_services": "Servicios del DMV",
    "footer.education": "Educación",
    "footer.faith_based_services": "Servicios Basados en la Fe",
    "footer.food_banks": "Bancos de Alimentos",
    "footer.government_services": "Servicios Gubernamentales",
    "footer.healthcare": "Atención sanitaria",
    "footer.housing": "Vivienda",
    "footer.jobs": "Trabajos",
    "footer.more_categories": "Más Categorías",
    "googlemap.header": "Lugares cercanos",
    "government.government_services": "Servicios Gubernamentales",
    "health.healthcare": "Atención sanitaria",
    "home.banking": "Servicios bancarios",
    "home.category": "Elige tu categoría",
    "home.dmv": "Servicios del DMV",
    "home.education": "Educación",
    "home.faith": "Servicios basados en la fe",
    "home.food_banks": "Banco de comida",
    "home.government_services": "Servicios gubernamentales",
    "home.healthcare": "Cuidado de la salud",
    "home.housing": "Alojamiento",
    "home.jobs": "Trabajos",
    "homeless_shelter": "Refugios para desamparados",
    "housing.homeless_shelter": "Refugio para Personas sin Hogar",
    "infoWindow.address": "DIRECCIÓN",
    "infoWindow.name": "Nombre",
    "infoWindow.noDetails": "No hay detalles disponibles",
    "infoWindow.openingHours": "Horario de apertura",
    "infoWindow.phone": "Teléfono",
    "infoWindow.rating": "Clasificación",
    "infoWindow.website": "Sitio web",
    "infowindow.currently": "Actualmente",
    "job_agency": "Agencias de Empleo",
    "jobs.job_agencies": "Agencias de Empleo",
    "landing.city": "Ubicación",
    "landing.language": "Idioma",
    "language.arabic": "Árabe",
    "language.chinese": "Chino",
    "language.english": "Español",
    "language.french": "Francés",
    "language.hindi": "Hindi",
    "language.korean": "Coreano",
    "language.russian": "Ruso",
    "language.spanish": "Español",
    "loginpage.account": "¿No tienes una cuenta?",
    "loginpage.email": "Correo electrónico",
    "loginpage.enter_login_password": "¡Por favor ingrese su nombre de usuario y contraseña!",
    "loginpage.forgot_password": "¿Olvidó la contraseña?",
    "loginpage.password": "Contraseña",
    "loginpage.remember_password": "Recordar contraseña",
    "map.bicycling": "Andar en bicicleta",
    "map.bus": "Autobús",
    "map.driving": "Conduciendo",
    "map.hide_details": "Ocultar detalles",
    "map.rail": "Vía",
    "map.subway": "Subway",
    "map.train": "Tren",
    "map.tram": "Tranvía",
    "map.transit": "Tránsito",
    "map.transit_mode": "Modo de Tránsito:",
    "map.travel_mode": "Modo de Viaje:",
    "map.walking": "Caminando",
    "mission_statement": "Crear una transición fluida para que los inmigrantes puedan acceder a la información que necesitan. Cuando llegan los inmigrantes no son conscientes de los recursos que pueden necesitar. Proporcionar información legal y precisa a los inmigrantes que emigran a los EE. UU. Se puede acceder a la información en una aplicación y también permite a los usuarios elegir su idioma.",
    "mydoc.back_to_documents": "Regresar a Documentos",
    "mydoc.saved_documents": "Documentos Guardados",
    "navbar.home": "Hogar",
    "navbar.login": "Iniciar sesión",
    "navbar.signup": "Registrarse",
    "resources.available_resources": "Recursos Disponibles",
    "signup.account": "¿Tiene una cuenta?",
    "signup.first_name": "Nombre",
    "signup.last_name": "Apellido"
}